Cliente;Material;Tipo material;Texto breve de material;Nombre Fabricante;Numero Pieza de Fabricante;Centro área pl.nec.;Almacén;Caract.planif.nec.;Punto de pedido;Stock alm.máx.;Grupo de compras;Denominación GrpComp;Rubro;SubRubro;Unidad de peso;TIPO DOC;NRO. VA01/VA21;ESTADO ITEM;NRO. OC;FECHA RECEPCION;FECHA PICKING;FECHA CONTABILIZACION VL;FECHA ENTREGA ESPERADA;FECHA DE EMISION NECESIDAD;GRUPO DE COMPRA OC;NRO. SOLPED
00314 CASA Olavarría;1027112;ZSTO;COMPRESOR A/C;VOLVO TRUC;84472607;MM01;26;RE;1;2;C03;EQUIPOS;REPUESTOS;VOLVO 460 FMX;KG;ZPAN;1000085727;SIN TRATAMIENTO;;;;;14/4/2026;30/3/2026;;10146569
00314 CASA Olavarría;1004596;ZSTO;PORTA UÑA BALDE - EA65BL50;VOLVO CONS;VOE14526776;MM01;26;V1;4;8;C29;FILTROS/RESPUESTOS;DESGASTE;VOLVO EC 480D;KG;ZPAS;1000086850;CUMPLIDO PARCIAL;;;11/5/2026;;5/5/2026;20/4/2026;;
00314 CASA Olavarría;1015924;ZSCD;1U-9891 ADITIVO HIDR. CAT X 1LT;;;MM01;26;V1;10;18;C29;FILTROS/RESPUESTOS;LUBRICANTES;ADITIVO;KG;ZPAN;1000086864;ADJUDICADO;4500125761;;;;5/5/2026;20/4/2026;C29;10148062
00314 CASA Olavarría;1041725;ZSTO;"CUCHILLA (7′ X 8″ X 5/8″) X 15 Aguj 5/8""";;5D9561 / T71979 (BORO);MM01;26;V1;10;20;C03;EQUIPOS;EQUIPOS;DESGASTE;KG;ZPAS;1000087665;SIN TRATAMIENTO;;;;;18/5/2026;2/5/2026;;
00314 CASA Olavarría;1001682;ZSTO;MAMEL. 1°CAL. DESC. LAMIN.BLANCO 60GR.XL;;FABRICANTE:DUPONT | MODELO:TYVEK 500;MR01;314;V1;173;300;C28;SEGURIDAD/ROPA/EPP;SEGURIDAD;INDUMENTARIA;KG;ZPAS;1000090365;EMBALADO;;;18/6/2026;;30/6/2026;17/6/2026;;
00314 CASA Olavarría;1001697;ZSTO;GUANTE VAQUETA MEDIO PASEO T.10;;MÚLT. 12U;MR01;314;V1;86;150;C28;SEGURIDAD/ROPA/EPP;SEGURIDAD;GUANTE;KG;ZPAS;1000090365;EMBALADO;;;18/6/2026;;30/6/2026;17/6/2026;;
00314 CASA Olavarría;1001698;ZSTO;GUANTE ALGODON MOTEADO;;MÚLT. 12U;MR01;314;V1;242;420;C28;SEGURIDAD/ROPA/EPP;SEGURIDAD;GUANTE;KG;ZPAS;1000090365;EMBALADO;;;18/6/2026;;30/6/2026;17/6/2026;;
00314 CASA Olavarría;1001906;ZSTO;INSECTICIDA MATA MOSCAS Y MOSQ. X360CC;;;MR01;314;V1;8;15;C17;INSUMOS A;LIMPIEZA;INSUMOS;KG;ZPAN;1000087796;ADJUDICADO;4500127227;;;;27/5/2026;5/5/2026;C01;10149254
00314 CASA Olavarría;1001701;ZSTO;GUANTE NITRILO AZUL PUÑO ELASTIZADO;;;MR01;314;V1;8;15;C28;SEGURIDAD/ROPA/EPP;SEGURIDAD;GUANTE;KG;ZPAS;1000090365;EMBALADO;;;18/6/2026;;30/6/2026;17/6/2026;;
00314 CASA Olavarría;1016030;ZSCD;ALCOHOL LIQUIDO X LITRO;;;MR01;314;V1;8;15;C17;INSUMOS A;LIMPIEZA;LIMPIEZA /SEGURIDAD;KG;ZPAN;1000087796;RECEPCIONADO PARCIAL;4500127227;11/5/2026;;;27/5/2026;5/5/2026;C01;10149254
00314 CASA Olavarría;1001871;ZSTO;RESMA DE HOJA A4 70GR. X UN;;;MR01;314;V1;8;25;C17;INSUMOS A;LIBRERIA;PAPEL;KG;ZPAS;1000090365;EMBALADO;;;18/6/2026;;30/6/2026;17/6/2026;;
00314 CASA Olavarría;1001881;ZSTO;MARCADOR INDUSTRIAL - ROJO UNIPAINT X UN;UNIPAINT;MÚLT. 10U;MR01;314;V1;3;6;C17;INSUMOS A;LIBRERIA;ESCRITURA;KG;ZPAS;1000089854;PICKEADO PARCIAL;;;;;23/6/2026;8/6/2026;;
00314 CASA Olavarría;1001890;ZSTO;ABSORBENTE MINERAL DE HIDROCARBUROS X KG;;MÚLT. 10/20/30 KG;MR01;314;V1;200;330;C17;INSUMOS A;SEGURIDAD;ABSORVENTE;KG;ZPAS;1000090502;PICKEADO PARCIAL;;;;;4/7/2026;19/6/2026;;
00314 CASA Olavarría;1001915;ZSTO;REJILLA DE COCINA;;;MR01;314;V1;17;30;C17;INSUMOS A;LIMPIEZA;INSUMOS;KG;ZPAN;1000090293;ADJUDICADO;4500130741;;;;30/6/2026;16/6/2026;C01;10152485
00314 CASA Olavarría;1001952;ZSTO;TRAPO LIMPIO (BOLSAX10KG) XUN;;MÚLT. 10 KG;MR01;314;V1;13;23;C27;FERRETERIA MR01;FERRETERIA;ACCESORIOS;KG;ZPAS;1000090277;EMBALADO PARCIAL;;;16/6/2026;;30/6/2026;16/6/2026;;
00314 CASA Olavarría;1033241;ZSTO;INYECTOR C27;;647-0751 / 618-0751;MM01;26;RE;12;24;C03;EQUIPOS;REPUESTOS;AUTOMOTOR;KG;ZPAN;1000088177;ADJUDICADO;4500128366;;;;2/6/2026;12/5/2026;C03;10149879
00314 CASA Olavarría;1015761;ZSSD;BOLSAS DE RESIDUOS 45X60 x ROLLO;;;MR01;314;V1;21;38;C17;INSUMOS A;LIMPIEZA;LIMPIEZA /SEGURIDAD;KG;ZPAN;1000090293;ADJUDICADO;4500130741;;;;30/6/2026;16/6/2026;C01;10152485
00314 CASA Olavarría;1015788;ZSSD;DESODORANTE LÍQUIDO PARA PISO X 5 LTS;;;MR01;314;V1;13;23;C17;INSUMOS A;LIMPIEZA;LIMPIEZA /SEGURIDAD;KG;ZPAN;1000090293;ADJUDICADO;4500130741;;;;30/6/2026;16/6/2026;C01;10152485
00314 CASA Olavarría;1015807;ZSSD;LAVANDINA X 5 LTS;;;MR01;314;V1;8;15;C17;INSUMOS A;LIMPIEZA;LIMPIEZA /SEGURIDAD;KG;ZPAN;1000090293;ADJUDICADO;4500130741;;;;30/6/2026;16/6/2026;C01;10152485
00314 CASA Olavarría;1017233;ZSSD;PAPEL HIGIENICO X72UN XUN;;;MR01;314;V1;1;3;C17;INSUMOS A;LIMPIEZA;LIMPIEZA /SEGURIDAD;KG;ZPAN;1000090293;ADJUDICADO;4500130741;;;;30/6/2026;16/6/2026;C01;10152485
00314 CASA Olavarría;1028200;ZSCD;PIEDRA RUEDA VERDE P/WIDIA 150X19X19Gr80;;;MR01;314;V1;8;15;C27;FERRETERIA MR01;FERRETERIA;INSUMOS;KG;ZPAN;1000088807;RECEPCIONADO PARCIAL;4500128670;29/5/2026;;;20/6/2026;20/5/2026;C01;10150638
00314 CASA Olavarría;1036100;ZSTO;CONO FLEX. C/REFLECT. Y BASE CAUCHO 70CM;;NARANJA DE PVC FLEXIBLE CON MEMORIA-70CM;MR01;314;V1;21;38;C28;SEGURIDAD/ROPA/EPP;SEGURIDAD;SEÑALIZACION;KG;ZPAS;1000090502;PICKEADO PARCIAL;;;;;4/7/2026;19/6/2026;;
00314 CASA Olavarría;1003736;ZSTO;"ESCOBILLA LIMPIAPARABRISA 24""-609MM X2UN";;APLICA A AMAROK 2.0 TDI 4X2 // 7H1955425F;MM01;26;RE;1;2;C03;EQUIPOS;REPUESTOS;AMAROK 2.0 TDI 4X2;KG;ZPAN;1000088841;CUMPLIDO PARCIAL;4500128396;1/6/2026;1/6/2026;3/6/2026;5/6/2026;21/5/2026;C03;10150681
00314 CASA Olavarría;1001797;ZSTO;ACEITE AIR TOOL 208L;;S2A100 (TORCULA100);MM01;26;V1;1;2;C29;FILTROS/RESPUESTOS;LUBRICANTES;ACEITE;KG;ZPAS;1000090297;SIN TRATAMIENTO;;;;;30/6/2026;16/6/2026;;
00314 CASA Olavarría;1001816;ZSTO;ANTICONG DE GASOIL  205LT XLT;;;MM01;26;V1;1;3;C29;FILTROS/RESPUESTOS;LUBRICANTES;ADITIVOS;KG;ZPAS;1000090571;SIN TRATAMIENTO;;;;;4/7/2026;19/6/2026;;
00314 CASA Olavarría;1002295;ZSTO;TORNILLO P CANTONTERA CAT XUN;CATERPILLA // CATERPILLA;4J9208 // 1D4635;MM01;26;V1;24;42;G05;AJUSTE;DESGASTE;CAT D9R, 324DL, 988H;KG;ZPAS;1000090369;EMBALADO;;;18/6/2026;;30/6/2026;17/6/2026;;
00314 CASA Olavarría;1002434;ZSTO;SEGURO UÑA BALDE - 30P;VOLVO CONS;VOE11417147;MM01;26;V1;13;24;G05;AJUSTE;DESGASTE;L220G;KG;ZPAS;1000089724;CUMPLIDO PARCIAL;;;12/6/2026;16/6/2026;19/6/2026;5/6/2026;;
00314 CASA Olavarría;1002620;ZSTO;FILTRO LINEA XUN;GOLD FILTE // DONALDSON;6511393 // P550094;MM01;26;V1;1;2;F07;FILTRO FLUIDO HIDR;FILTROS;BOBCAT S185;KG;ZPAS;1000090369;EMBALADO;;;18/6/2026;;30/6/2026;17/6/2026;;
00314 CASA Olavarría;1002771;ZSTO;FILTRO DE ACEITE;CATERPILLA;1R1807;MM01;26;V1;2;5;F03;FILTRO ACEITE;FILTROS;CAT;KG;ZPAS;1000090503;SIN TRATAMIENTO;;;;;4/7/2026;19/6/2026;;
00314 CASA Olavarría;1002899;ZSTO;FILTRO COMBUSTIBLE;FLEETGUARD // DONALDSON;FF5488 // P550774;MM01;26;V1;1;2;F06;FILTRO COMBUSTIBLE;FILTROS;VW 31-320-19360;KG;ZPAS;1000090370;EMBALADO;;;18/6/2026;;30/6/2026;17/6/2026;;
00314 CASA Olavarría;1002909;ZSTO;FILTRO TR. AGUA CAT 988H;CATERPILLA // CATERPILLA;3261643 // 1R0771;MM01;26;V1;13;24;F13;FILTRO TRAMPA DE A;FILTROS;CAT 988H,390,988K,336;KG;ZPAS;1000090503;SIN TRATAMIENTO;;;;;4/7/2026;19/6/2026;;
00314 CASA Olavarría;1002931;ZSTO;FILTRO ACEITE;VOLVO CONS // VOLVO MAQU // FLEETGUARD // VOLVO CONS // VOLVO CONS;P21707133 // 17533660 // LF667 // VOE478736 // 23658092;MM01;26;V1;24;42;F03;FILTRO ACEITE;FILTROS;VOLVO 330 // VOLVO L260H;KG;ZPAS;1000090503;SIN TRATAMIENTO;;;;;4/7/2026;19/6/2026;;
00314 CASA Olavarría;1002937;ZSTO;FILTRO AIRE ACONDICIONADO CABINA EX;VOLVO CONS // VOLVO CONS;VOE14689735 // 14506997;MM01;26;V1;2;5;F10;FILTRO HVAC;FILTROS;VOLVO EC 480D - PL 3005D;KG;ZPAS;1000090369;EMBALADO;;;18/6/2026;;30/6/2026;17/6/2026;;
00314 CASA Olavarría;1002970;ZSTO;FILTRO DE AIRE SECUNDARIO;CATERPILLA;1063973;MM01;26;V1;1;2;F04;FILTRO AIRE;FILTROS;CAT 988;KG;ZPAS;1000090503;SIN TRATAMIENTO;;;;;4/7/2026;19/6/2026;;
00314 CASA Olavarría;1002976;ZSTO;FILTRO DE AIRE PRIMARIO;CATERPILLA;1063969;MM01;26;V1;1;2;F04;FILTRO AIRE;FILTROS;CAT 988;KG;ZPAS;1000090370;EMBALADO;;;18/6/2026;;30/6/2026;17/6/2026;;
00314 CASA Olavarría;1003026;ZSTO;FILTRO SEPARADOR DE AGUA;FLEETGUARD // FLEETGUARD // DONALDSON;FS19652 // FS1280 // P551329;MM01;26;V1;1;3;F13;FILTRO TRAMPA DE A;FILTROS;ONAN C66D5;KG;ZPAS;1000090369;EMBALADO;;;18/6/2026;;30/6/2026;17/6/2026;;
00314 CASA Olavarría;1003060;ZSTO;FILTRO ACEITE;VOLKSWAGEN // VOLKSWAGEN;03L115562 // L3L115562;MM01;26;V1;1;2;F03;FILTRO ACEITE;FILTROS;VW AMAROK;KG;ZPAS;1000090369;EMBALADO;;;18/6/2026;;30/6/2026;17/6/2026;;
00314 CASA Olavarría;1003061;ZSTO;FILTRO AIRE;VOLKSWAGEN;2H0129620A;MM01;26;V1;1;2;F04;FILTRO AIRE;FILTROS;VW AMAROK;KG;ZPAS;1000090369;EMBALADO;;;18/6/2026;;30/6/2026;17/6/2026;;
00314 CASA Olavarría;1003062;ZSTO;FILTRO COMBUSTIBLE VW AMAROK;VOLKSWAGEN // VOLKSWAGEN;2H0127401D // 2HO127401G;MM01;26;V1;1;2;F06;FILTRO COMBUSTIBLE;FILTROS;VW AMAROK;KG;ZPAS;1000090369;EMBALADO;;;18/6/2026;;30/6/2026;17/6/2026;;
00314 CASA Olavarría;1003063;ZSTO;FILTRO HABITACULO;VOLKSWAGEN // // //;7H0819631A // 7E0819631 // CB0575 // 7EO-819-631;MM01;26;V1;1;2;F05;FILTRO AIRE CABINA;FILTROS;VW AMAROK;KG;ZPAS;1000090369;EMBALADO;;;18/6/2026;;30/6/2026;17/6/2026;;
00314 CASA Olavarría;1003095;ZSTO;FILTRO TRAMPA DE AGUA COMBUSTIBLE;PARKER RAC //;21925732 // 23662435;MM01;26;V1;6;11;F13;FILTRO TRAMPA DE A;FILTROS;VOLVO FM460;KG;ZPAS;1000090369;EMBALADO;;;18/6/2026;;30/6/2026;17/6/2026;;
00314 CASA Olavarría;1003096;ZSTO;FILTRO DE AIRE TANQUE DE COMBUSTIBLE;VOLVO CONS // DONALDSON;21743197 // P954869;MM01;26;V1;6;12;F06;FILTRO COMBUSTIBLE;FILTROS;VOLVO 330 // VOLVO FM460;KG;ZPAS;1000090369;EMBALADO PARCIAL;;;18/6/2026;;30/6/2026;17/6/2026;;
00314 CASA Olavarría;1003097;ZSTO;FILTRO DE AIRE PRIMARIO;VOLVO CONS;21337557;MM01;26;V1;5;9;F04;FILTRO AIRE;FILTROS;VOLVO FM460;KG;ZPAS;1000090503;SIN TRATAMIENTO;;;;;4/7/2026;19/6/2026;;
00314 CASA Olavarría;1003126;ZSTO;FILTRO SECADO DE AIRE;VOLVO CONS // VOLVO CONS // VOLVO CONS //;21412848 // 22223804 // 23260134 // 23690622;MM01;26;V1;2;5;F11;FILTRO SECADOR DE;FILTROS;VOLVO FM460;KG;ZPAS;1000090369;EMBALADO;;;18/6/2026;;30/6/2026;17/6/2026;;
00314 CASA Olavarría;1003171;ZSTO;FILTRO DE AIRE SECUNDARIO;FLEETGUARD // FILPLUS;AF26086 // MSA26086;MM01;26;V1;1;3;F04;FILTRO AIRE;FILTROS;FILTRO AIRE;KG;ZPAS;1000090370;EMBALADO;;;18/6/2026;;30/6/2026;17/6/2026;;
00314 CASA Olavarría;1003172;ZSTO;Filtro Aceite Motor;FLEETGUARD // DONALDSON // DONALDSON;LF16011 // P550335 // P551132;MM01;26;V1;1;3;F03;FILTRO ACEITE;FILTROS;CAT 950;KG;ZPAS;1000090370;SIN TRATAMIENTO;;;;;30/6/2026;17/6/2026;;
00314 CASA Olavarría;1003196;ZSTO;FILTRO SEPARADOR;MANN // DONALDSON;LB9622 // P783499;MM01;26;V1;1;2;F12;FILTRO SEPARADOR;FILTROS;IS VENTEC 6TK/2TB/AY/TECEL/11,;KG;ZPAS;1000090370;SIN TRATAMIENTO;;;;;30/6/2026;17/6/2026;;
00314 CASA Olavarría;1003199;ZSTO;FILTRO AIRE;DONALDSON;C065003;MM01;26;V1;1;2;F04;FILTRO AIRE;FILTROS;IS VENTEC 6TK/2TB/AY/TECEL/11,;KG;ZPAS;1000090370;SIN TRATAMIENTO;;;;;30/6/2026;17/6/2026;;
00314 CASA Olavarría;1003201;ZSTO;FILTRO ACEITE HIDRAULICO;DONALDSON;P550940;MM01;26;V1;1;2;F07;FILTRO FLUIDO HIDR;FILTROS;CAMION VOLVO FMX 460;KG;ZPAS;1000090370;EMBALADO;;;18/6/2026;;30/6/2026;17/6/2026;;
00314 CASA Olavarría;1003275;ZSTO;FILTRO TRANSMISION ACEITE;CATERPILLA;3891079;MM01;26;V1;4;8;F03;FILTRO ACEITE;FILTROS;CAT 950;KG;ZPAS;1000089948;CUMPLIDO PARCIAL;;;12/6/2026;16/6/2026;25/6/2026;10/6/2026;;
00314 CASA Olavarría;1013518;ZSCD;9Z-0006KIT MUESTRA LUBR CAT C/ACOPLE RAP;;;MM01;26;V1;17;30;C03;EQUIPOS;REPUESTOS;KIT MUESTRA;KG;ZPAN;1000089735;ADJUDICADO;4500130766;;;;22/6/2026;5/6/2026;C03;10151806
00314 CASA Olavarría;1003678;ZSTO;CHISEL (W P);DAEMO ENGI;B36312130000;MM01;26;V1;1;2;C29;FILTROS/RESPUESTOS;REPUESTOS;DAEMO 300;KG;ZPAN;1000090374;SIN TRATAMIENTO;;;;;3/7/2026;17/6/2026;;10152584
00314 CASA Olavarría;1027623;ZSTO;ESCOBILLA LIMPIAPARABRISAS;;1285040 / 292-6567;MM01;26;V1;1;3;C03;EQUIPOS;REPUESTOS;CAT 324;KG;ZPAN;1000089799;ADJUDICADO;4500130037;;;;23/6/2026;8/6/2026;C03;10151897
00314 CASA Olavarría;1003837;ZSTO;BARRA3700;;90515311T51-RND54SP;MM01;26;V1;8;15;C29;FILTROS/RESPUESTOS;DESGASTE;?;KG;ZPAS;1000090370;EMBALADO;;;18/6/2026;;30/6/2026;17/6/2026;;
00314 CASA Olavarría;1003869;ZSTO;BULON CENTRO ELASTICO TRAKKER 380T;CNH;42122596;MM01;26;V1;1;3;C29;FILTROS/RESPUESTOS;REPUESTOS;IVECO TRAKKER T380;KG;ZPAS;1000090503;SIN TRATAMIENTO;;;;;4/7/2026;19/6/2026;;
00314 CASA Olavarría;1004038;ZSTO;LAMPARA 24V-21W P PAREJA XUN;;BA15S;MM01;26;V1;4;8;C29;FILTROS/RESPUESTOS;REPUESTOS;ELECTRICIDAD AUTOMOTOR;KG;ZPAS;1000090370;EMBALADO;;;18/6/2026;;30/6/2026;17/6/2026;;
00314 CASA Olavarría;1016075;ZSTO;TRABA UÑA BALDE - 66P;VOLVO CONS;VOE17473106;MM01;26;V1;17;30;G05;AJUSTE;DESGASTE;VOLVO EC 480D;KG;ZPAS;1000090370;EMBALADO;;;18/6/2026;;30/6/2026;17/6/2026;;
00314 CASA Olavarría;1016256;ZSTO;Filtro Admision Exterior;ATLAS COPC;2653 3762 24;MM01;26;V1;1;2;F04;FILTRO AIRE;FILTROS;PERFORADORA ATLAS T45-12;KG;ZPAS;1000090370;EMBALADO PARCIAL;;;18/6/2026;;30/6/2026;17/6/2026;;
00314 CASA Olavarría;1016438;ZSTO;NEUMATICO 17.5 R25 MINERA SUELO ROCOSO;MICHELIN A // GOOD YEAR // BRIDGESTON;MICHELIN XHA2 / MAXAM 301 E3/L3 // GOODYEAR RL-2+ // VJT 17.5 R25;MM01;26;V1;3;6;C50;CUBIERTAS MINERIA;CUBIERTAS;?;KG;ZPAS;1000090369;EMBALADO;;;18/6/2026;;30/6/2026;17/6/2026;;
00314 CASA Olavarría;1016449;ZSTO;Filtro Aceite Motor;VOLKSWAGEN //;2T0115561 // LF9009;MM01;26;V1;1;2;F03;FILTRO ACEITE;FILTROS;DELIVERY 11.180;KG;ZPAS;1000090503;SIN TRATAMIENTO;;;;;4/7/2026;19/6/2026;;
00314 CASA Olavarría;1017884;ZSTO;Filtro Venteo Tanque Hidraulico;CATERPILLA;5221451;MM01;26;V1;1;2;F07;FILTRO FLUIDO HIDR;FILTROS;FILTRO HIDRAULICO;KG;ZPAS;1000090503;SIN TRATAMIENTO;;;;;4/7/2026;19/6/2026;;
00314 CASA Olavarría;1017885;ZSTO;Filtro Aceite Motor;CATERPILLA;5000483;MM01;26;V1;1;3;F03;FILTRO ACEITE;FILTROS;FILTROS;KG;ZPAS;1000090370;EMBALADO PARCIAL;;;18/6/2026;;30/6/2026;17/6/2026;;
00314 CASA Olavarría;1017886;ZSTO;Filtro Trampa de Agua;CATERPILLA;5000481;MM01;26;V1;1;3;F13;FILTRO TRAMPA DE A;FILTROS;FILTRO TRAMPA DE AGUA;KG;ZPAS;1000090370;EMBALADO PARCIAL;;;18/6/2026;;30/6/2026;17/6/2026;;
00314 CASA Olavarría;1017888;ZSTO;Filtro Combustible;CATERPILLA;5701623;MM01;26;V1;3;6;F06;FILTRO COMBUSTIBLE;FILTROS;FILTRO COMB;KG;ZPAS;1000090370;EMBALADO;;;18/6/2026;;30/6/2026;17/6/2026;;
00314 CASA Olavarría;1027562;ZSSD;Filtro hidraulico P165332 - filtro diali;;;MM01;26;V1;7;14;C29;FILTROS/RESPUESTOS;FILTROS;CAT 938H;KG;ZPAN;1000090374;SIN TRATAMIENTO;;;;;3/7/2026;17/6/2026;;10152584
00341 Mov. Suelos San Luis;1000010;ZSTO;FILTRO AIRE;MOTORCRAFT;B69X9601;MM01;35;V1;1;2;F04;FILTRO AIRE;FILTROS;F-100 INT 86577 - 578;KG;ZPAS;1000089423;SIN TRATAMIENTO;;;;;19/6/2026;1/6/2026;;
00341 Mov. Suelos San Luis;1002524;ZSTO;FILTRO ACEITE MOTOR;MANN // // BALDWIN // FLEETGUARD;W962 // 0986B01027 // B236 // LF4054;MM01;35;V1;1;2;F03;FILTRO ACEITE;FILTROS;FILTROS;KG;ZPAS;1000090438;SIN TRATAMIENTO;;;;;8/7/2026;17/6/2026;;
00341 Mov. Suelos San Luis;1002544;ZSTO;FILTRO TRAMPA AGUA;PARKER RAC // PARKER RAC;2R000127177J // R120LJ10MAQII;MM01;35;V1;2;3;F13;FILTRO TRAMPA DE A;FILTROS;VW31-3;KG;ZPAS;1000090438;SIN TRATAMIENTO;;;;;8/7/2026;17/6/2026;;
00341 Mov. Suelos San Luis;1002685;ZSTO;ARE ACONDICIONADO CABINA;VOLKSWAGEN // // No aplica // DONALDSON //;2R2819429 // MAH312 // MP5582 // P750019 // TAC5427;MM01;35;V1;2;4;F10;FILTRO HVAC;FILTROS;VW 31-320-19360;KG;ZPAS;1000090438;SIN TRATAMIENTO;;;;;8/7/2026;17/6/2026;;
00341 Mov. Suelos San Luis;1002708;ZSTO;FILTRO AIRE X UN;VOLKSWAGEN // VOLKSWAGEN // VOLKSWAGEN // // // FLEETGUARD;2S0129620B // CA-5626 // FLI6120 // P618941 // S3003 // AF2599700;MM01;35;V1;2;3;F04;FILTRO AIRE;FILTROS;VW;KG;ZPAS;1000089592;CUMPLIDO PARCIAL;;;11/6/2026;16/6/2026;24/6/2026;3/6/2026;;
00341 Mov. Suelos San Luis;1002709;ZSTO;CARTUCHO PARA FILTRO AIRE;VOLKSWAGEN // // // MONZA // FLEETGUARD;2S0129620CA // AB3406 // CA5626 // FLI9141 // AF26211;MM01;35;V1;2;3;F01;CARTUCHO;FILTROS;WV;KG;ZPAS;1000090438;SIN TRATAMIENTO;;;;;8/7/2026;17/6/2026;;
00341 Mov. Suelos San Luis;1002734;ZSTO;FILTRO AIRE SECUNDARIO;CATERPILLA // DONALDSON;2456376 // P782108;MM01;35;V1;1;2;F04;FILTRO AIRE;FILTROS;CAT 140K;KG;ZPAS;1000089592;SIN TRATAMIENTO;;;;;24/6/2026;3/6/2026;;
00341 Mov. Suelos San Luis;1002937;ZSTO;FILTRO AIRE ACONDICIONADO CABINA EX;VOLVO CONS // VOLVO CONS;VOE14689735 // 14506997;MM01;35;V1;3;5;F10;FILTRO HVAC;FILTROS;VOLVO EC 480D - PL 3005D;KG;ZPAS;1000090438;SIN TRATAMIENTO;;;;;8/7/2026;17/6/2026;;
00341 Mov. Suelos San Luis;1003047;ZSTO;FILTRO AIRE CABINA SECUNDARIO;VOLVO CONS;VOE11703980;MM01;35;V1;2;4;F05;FILTRO AIRE CABINA;FILTROS;CARGADORA VOLVO L220G;KG;ZPAS;1000090438;SIN TRATAMIENTO;;;;;8/7/2026;17/6/2026;;
00341 Mov. Suelos San Luis;1003102;ZSTO;FILTRO DE COMBUSTIBLE;VOLKSWAGEN // HENGST // VOLKSWAGEN;2V5201512 // E422KP D98 // FF 5629;MM01;35;V1;2;3;F06;FILTRO COMBUSTIBLE;FILTROS;FILTROS;KG;ZPAS;1000090438;SIN TRATAMIENTO;;;;;8/7/2026;17/6/2026;;
00341 Mov. Suelos San Luis;1003306;ZSTO;FILTRO DE AIRE PRIMARIO;VOLVO CONS // HIFI FILTE;VOE15013668 // SA 16666;MM01;35;V1;2;4;F04;FILTRO AIRE;FILTROS;CAMION ARTICULADO;KG;ZPAS;1000090438;SIN TRATAMIENTO;;;;;8/7/2026;17/6/2026;;
00341 Mov. Suelos San Luis;1003307;ZSTO;FILTRO AIRE SECUNDARIO;VOLVO CONS;VOE11110533;MM01;35;V1;2;4;F04;FILTRO AIRE;FILTROS;CAMION ARTICULADO;KG;ZPAS;1000090438;SIN TRATAMIENTO;;;;;8/7/2026;17/6/2026;;
00341 Mov. Suelos San Luis;1003343;ZSTO;FILTRO COMBUSTIBLE;VOLKSWAGEN // // // // FORD // MWM INTERN;90541150027 // P551523 // WK 962/13 // 2R0127177N // 6L5Z7A508AB // 905411510042;MM01;35;V1;1;2;F06;FILTRO COMBUSTIBLE;FILTROS;VW 26.260;KG;ZPAS;1000090438;SIN TRATAMIENTO;;;;;8/7/2026;17/6/2026;;
00341 Mov. Suelos San Luis;1003356;ZSTO;FILTRO SEPAR ACEITE;ATLAS COPC;2911011201 // 2911011203;MM01;35;V1;2;3;F03;FILTRO ACEITE;FILTROS;FILTROS;KG;ZPAS;1000089592;SIN TRATAMIENTO;;;;;24/6/2026;3/6/2026;;
00341 Mov. Suelos San Luis;1003854;ZSTO;BULON MAZA TRASERA P TRAKKER;CNH // CNH;42064826 // 42117455;MM01;35;V1;1;2;C29;FILTROS/RESPUESTOS;REPUESTOS;MAQUINARIA PESADA;KG;ZPAS;1000088515;SIN TRATAMIENTO;;;;;5/6/2026;15/5/2026;;
00341 Mov. Suelos San Luis;1003989;ZSTO;BULON;VOLVO CONS;VOE983373;MM01;35;V1;20;40;G05;AJUSTE;DESGASTE;VOLVO 380;KG;ZPAS;1000088963;CUMPLIDO PARCIAL;;;27/5/2026;28/5/2026;12/6/2026;22/5/2026;;
00341 Mov. Suelos San Luis;1009541;ZSTO;FILTRO HIDRAU COMPR ATL COPCO x;ATLAS COPC;1202804002 // 6060011168;MM01;35;V1;4;6;C29;FILTROS/RESPUESTOS;FILTROS;ATLAS COPCO ROC F9-11;KG;ZPAS;1000089592;SIN TRATAMIENTO;;;;;24/6/2026;3/6/2026;;
00341 Mov. Suelos San Luis;1013571;ZSSD;GASOIL DIESEL 500;;MÚLT. 36000 LTS;MM01;35;V1;12000;24000;C21;COMBUSTIBLE;COMBUSTIBLE;COMBUSTIBLE;KG;ZPAN;1000087941;RECEPCIONADO PARCIAL;4500128002;12/6/2026;;;28/9/2026;7/5/2026;C21;10149510
00341 Mov. Suelos San Luis;1016098;ZSTO;FILTRO DE AIRE PRIMARIO;VOLVO MAQU;17500260;MM01;35;V1;3;5;F04;FILTRO AIRE;FILTROS;VOLVO EC 480D;KG;ZPAS;1000090438;SIN TRATAMIENTO;;;;;8/7/2026;17/6/2026;;
00341 Mov. Suelos San Luis;1016163;ZSTO;FILTRO TRAMPA DE AGUA;VOLVO MAQU;17515206;MM01;35;V1;3;5;F13;FILTRO TRAMPA DE A;FILTROS;VOLVO EC 480D;KG;ZPAS;1000090438;SIN TRATAMIENTO;;;;;8/7/2026;17/6/2026;;
00341 Mov. Suelos San Luis;1022713;ZSTO;COMPRESOR A/A;;14659238;MM01;35;V1;1;2;C03;EQUIPOS;REPUESTOS;?;KG;ZPAS;1000087842;SIN TRATAMIENTO;;;;;26/5/2026;5/5/2026;;
00341 Mov. Suelos San Luis;1027333;ZSTO;UÑA BALDE PENETRACION  - 66PPE;ESCANDINAV;VOE14732403;MM01;35;V1;20;36;C29;FILTROS/RESPUESTOS;DESGASTE;VOLVO EC 480D;KG;ZPAN;1000087841;ADJUDICADO;4500127122;;;;26/5/2026;5/5/2026;C29;10149369
00341 Mov. Suelos San Luis;1001686;ZSTO;ANTEOJO GRIS;LIBUS // 3M // MSA // STEELPRO;ECOLINEHC (MÚLT. 10U) // SECUREFIT SF202AF GRIS // MSA PERSPECTA SMOKE // STEELPRO SPY SMOKE;MR01;341;V1;96;120;C28;SEGURIDAD/ROPA/EPP;SEGURIDAD;ACCESORIO SEGURIDAD;KG;ZPAS;1000086414;DESPACHADO;;;3/6/2026;9/6/2026;30/4/2026;10/4/2026;;
00341 Mov. Suelos San Luis;1001698;ZSTO;GUANTE ALGODON MOTEADO;;MÚLT. 12U;MR01;341;V1;24;30;C28;SEGURIDAD/ROPA/EPP;SEGURIDAD;GUANTE;KG;ZPAS;1000090437;PICKEADO;;;18/6/2026;;8/7/2026;17/6/2026;;
00341 Mov. Suelos San Luis;1001703;ZSTO;GUANTE ALGODON LAMINADO PALMA LATEX;;MÚLT. 12U;MR01;341;V1;60;75;C28;SEGURIDAD/ROPA/EPP;SEGURIDAD;GUANTE;KG;ZPAS;1000090437;PICKEADO;;;18/6/2026;;8/7/2026;17/6/2026;;
00341 Mov. Suelos San Luis;1001896;ZSTO;PULVERIZADOR P ALCOHOL LIQUIDO 500 ML;;;MR01;341;V1;12;15;C17;INSUMOS A;LIMPIEZA;DIFUSOR;KG;ZPAS;1000090437;PICKEADO;;;18/6/2026;;8/7/2026;17/6/2026;;
00341 Mov. Suelos San Luis;1001968;ZSTO;ESMALTE SINT. AEROSOL AMARILLO X440CC;;KUWAIT-SINTEPLAST;MR01;341;V1;6;8;C22;INSUMOS C;PINTURAS;PINTURA AEROSOL;KG;ZPAS;1000090437;PICKEADO;;;18/6/2026;;8/7/2026;17/6/2026;;
00341 Mov. Suelos San Luis;1017233;ZSSD;PAPEL HIGIENICO X72UN XUN;;;MR01;341;V1;4;6;C17;INSUMOS A;LIMPIEZA;LIMPIEZA /SEGURIDAD;KG;ZPAN;1000090439;SIN TRATAMIENTO;;;;;8/7/2026;17/6/2026;;10152705
00341 Mov. Suelos San Luis;1026411;ZSCD;DEKASOL KAISER XLT;;;MR01;341;V1;12;15;C17;INSUMOS A;LIMPIEZA;LIMPIEZA /SEGURIDAD;KG;ZPAN;1000090439;SIN TRATAMIENTO;;;;;8/7/2026;17/6/2026;;10152705
00341 Mov. Suelos San Luis;1027149;ZSSD;DISCO FLAP TYROLIT 115x22 GRANO 80;;;MR01;341;V1;4;6;C27;FERRETERIA MR01;FERRETERIA;?;KG;ZPAN;1000090439;SIN TRATAMIENTO;;;;;8/7/2026;17/6/2026;;10152705
00365 RIO TINTO;1001679;ZSTO;FICHA T.STECK MACHO 220V 16A 2P T XUN;;;U365;365;V1;8;13;C11;ELECTRICIDAD;ELECTRICIDAD;FICHAS;KG;ZPAN;1000089569;ADJUDICADO;4500130231;;;;3/7/2026;3/6/2026;C11;10151598
00365 RIO TINTO;1001680;ZSTO;FICHA T.STECK HEMBRA 380V 32A T N XUN;;;U365;365;V1;3;5;C11;ELECTRICIDAD;ELECTRICIDAD;FICHAS;KG;ZPAN;1000090290;SIN TRATAMIENTO;;;;;16/7/2026;16/6/2026;;10152484
00365 RIO TINTO;1001687;ZSTO;ANTEOJO INCOLORO;LIBUS // 3M // MSA // STEELPRO //;ECOLINEHC (MÚLT. 10U) // SECUREFIT SF201AF CLEAR // MSA PERSPECTA CLEAR // STEELPRO SPY CLEAR // DEPASCALE-UCU111B;U365;365;V1;29;50;C28;SEGURIDAD/ROPA/EPP;SEGURIDAD;ACCESORIO SEGURIDAD;KG;ZPAN;1000090290;ADJUDICADO;4500130389;;;;16/7/2026;16/6/2026;C28;10152484
00365 RIO TINTO;1001706;ZSTO;GUANTE LATEX USO MEDICINAL CAJA X 100 UN;;;U365;365;V1;3;5;C28;SEGURIDAD/ROPA/EPP;SEGURIDAD;GUANTE;KG;ZPAN;1000087713;ADJUDICADO;4500126853;;;;4/6/2026;4/5/2026;C28;10149101
00365 RIO TINTO;1001707;ZSTO;CHALECOGRAFANARANJACONREFLETIVOT.XLC2;;MÚLT. 12U;U365;365;V1;58;102;C28;SEGURIDAD/ROPA/EPP;SEGURIDAD;INDUMENTARIA;KG;ZPAN;1000088902;ADJUDICADO;4500128549;;;;22/6/2026;22/5/2026;C28;10150772
00365 RIO TINTO;1001717;ZSTO;PROTECTOR FACIAL BURBUJA INCOLORO;LIBUS // 3M // MSA // STEELPRO //;901386 // VISOR WP96 + SOPORTE // MSA VISOR CLEAR // STEELPRO BURBUJA CLEAR // DEPASCALE-BILVEX 002121;U365;365;V1;14;24;C28;SEGURIDAD/ROPA/EPP;SEGURIDAD;ACCESORIO SEGURIDAD;KG;ZPAN;1000086268;CUMPLIDO PARCIAL;4500125316;19/6/2026;;;11/5/2026;9/4/2026;C28;10147237
00365 RIO TINTO;1001778;ZSTO;YERBA MATE X 500GRS X UN;;;U365;365;V1;72;125;C17;INSUMOS A;ALIMENTOS;?;KG;ZPAN;1000090609;SIN TRATAMIENTO;;;;;22/7/2026;22/6/2026;;10152961
00365 RIO TINTO;1001790;ZSTO;ACEITE 15W40  X 205L;YPF S.A. // EXXON MOBI // CATERPILLA // SHELL PLC. // VOLVO MAQU // YPF S.A.;EXTRAVIDA XV300 // DELVAC MX 15W40 APICI4 // DEO 15W40 // R4 15W40 APICI4 ACEAE5E7 // VDS3 // 189292;U365;365;V1;9;16;C29;FILTROS/RESPUESTOS;LUBRICANTES;ACEITES;KG;ZPAN;1000090290;ADJUDICADO;4500130464;;;;16/7/2026;16/6/2026;C29;10152484
00365 RIO TINTO;1001800;ZSTO;ACEITE SAE 30 X 200LTS;CATERPILLA;7X2888;U365;365;V1;2;3;C29;FILTROS/RESPUESTOS;LUBRICANTES;CATERPILLAR;KG;ZPAS;1000088265;SIN TRATAMIENTO;;;;;27/5/2026;13/5/2026;;
00365 RIO TINTO;1001804;ZSTO;GRASA LITIO LIMIT MO-2 (NEGRA) X 180 KG;YPF S.A. // // YPF S.A.;LIMIT MO-2 // GADUS S2 V220 // 628793;U365;365;V1;2;3;C29;FILTROS/RESPUESTOS;LUBRICANTES;GRASA;KG;ZPAN;1000090609;SIN TRATAMIENTO;;;;;22/7/2026;22/6/2026;;10152961
00365 RIO TINTO;1001840;ZSTO;CUBIERTA 17.5-25 VIAL SP 16 TELAS L2;FIRESTONE // PIRELLI NE // GOOD YEAR // TITAN ARGE // MICHELIN A;L2 // PN-L2 // SGL-L2 // TITAN L2 // XTLA;U365;365;V1;6;10;C03;EQUIPOS;CUBIERTAS;MOTONIVELADORA CAT Y JD;KG;ZPAN;1000090290;SIN TRATAMIENTO;;;;;16/7/2026;16/6/2026;;10152484
00365 RIO TINTO;1001841;ZSTO;CAMARA 12.00 R20;;MARCA DONGAH // MARCA PIRELLI;U365;365;V1;14;24;C03;EQUIPOS;CUBIERTAS;CUBIERTAS;KG;ZPAN;1000090290;SIN TRATAMIENTO;;;;;16/7/2026;16/6/2026;;10152484
00365 RIO TINTO;1001867;ZSTO;MARCADOR INDUSTRIAL-BLANCOXUN;UNIPAINT;MÚLT. 10U;U365;365;V1;18;31;C17;INSUMOS A;LIBRERIA;ESCRITURA;KG;ZPAN;1000090290;ADJUDICADO;4500130639;;;;16/7/2026;16/6/2026;C17;10152484
00365 RIO TINTO;1001878;ZSTO;CINTA DE ENMASCARAR 48MM X ROLLO;SCOTCH;;U365;365;V1;3;5;C17;INSUMOS A;LIBRERIA;CINTAS ADHESIVAS;KG;ZPAN;1000090441;SIN TRATAMIENTO;;;;;18/7/2026;18/6/2026;;10152709
00365 RIO TINTO;1001879;ZSTO;CINTA DE ENMASCARAR 24 MM XROLLO;;;U365;365;V1;3;5;C17;INSUMOS A;LIBRERIA;CINTAS ADHESIVAS;KG;ZPAN;1000090441;SIN TRATAMIENTO;;;;;18/7/2026;18/6/2026;;10152709
00365 RIO TINTO;1001881;ZSTO;MARCADOR INDUSTRIAL - ROJO UNIPAINT X UN;UNIPAINT;MÚLT. 10U;U365;365;V1;18;31;C17;INSUMOS A;LIBRERIA;ESCRITURA;KG;ZPAN;1000090290;ADJUDICADO;4500130639;;;;16/7/2026;16/6/2026;C17;10152484
00365 RIO TINTO;1001891;ZSTO;PANOABSORVENTE PARAHIDROCARBUROXPAQ100;;;U365;365;V1;9;16;C17;INSUMOS A;LIMPIEZA;MANTENIMIENTO TALLER;KG;ZPAN;1000090609;SIN TRATAMIENTO;;;;;22/7/2026;22/6/2026;;10152961
00365 RIO TINTO;1001952;ZSTO;TRAPO LIMPIO (BOLSAX10KG) XUN;;MÚLT. 10 KG;U365;365;V1;14;24;C27;FERRETERIA MR01;FERRETERIA;ACCESORIOS;KG;ZPAN;1000087713;CUMPLIDO PARCIAL;4500127531;10/6/2026;;;4/6/2026;4/5/2026;C27;10149101
00365 RIO TINTO;1001961;ZSTO;CINTA AISLADORA NEGRA X10MT;;;U365;365;V1;27;47;C27;FERRETERIA MR01;FERRETERIA;INSUMOS;KG;ZPAN;1000090290;SIN TRATAMIENTO;;;;;16/7/2026;16/6/2026;;10152484
00365 RIO TINTO;1001969;ZSTO;ESMALTE SINT. AEROSOL BLANCO X440CC;;KUWAIT-SINTEPLAST;U365;365;V1;9;16;C22;INSUMOS C;PINTURAS;PINTURA AEROSOL;KG;ZPAN;1000089569;PICKEADO;4500129998;19/6/2026;19/6/2026;;3/7/2026;3/6/2026;C22;10151598
00365 RIO TINTO;1001971;ZSTO;ESMALTE SINT. AEROSOL ROJO X 440CC;;KUWAIT-SINTEPLAST;U365;365;V1;107;188;C22;INSUMOS C;PINTURAS;PINTURA AEROSOL;KG;ZPAN;1000086862;CUMPLIDO PARCIAL;4500127090;15/5/2026;15/5/2026;19/5/2026;29/5/2026;20/4/2026;C22;10148060
00365 RIO TINTO;1002000;ZSTO;CAMISA JEAN T.38 C LOGO;;;U365;365;V1;29;50;C28;SEGURIDAD/ROPA/EPP;ROPA;INDUMENTARIA;KG;ZPAN;1000087713;CUMPLIDO PARCIAL;4500127664;29/5/2026;;;4/6/2026;4/5/2026;C28;10149101
00365 RIO TINTO;1002055;ZSTO;MEDIAS TERMICAS T. UNICO PARA -10 GRADOS;;;U365;365;V1;86;150;C28;SEGURIDAD/ROPA/EPP;ROPA;INDUMENTARIA;KG;ZPAN;1000087713;ADJUDICADO;4500126853;;;;4/6/2026;4/5/2026;C28;10149101
00365 RIO TINTO;1002071;ZSTO;CAMPERA DESCARNE T.XXXL;;;U365;365;V1;6;10;C28;SEGURIDAD/ROPA/EPP;SEGURIDAD;INDUMENTARIA;KG;ZPAN;1000087713;ADJUDICADO;4500126853;;;;4/6/2026;4/5/2026;C28;10149101
00365 RIO TINTO;1002186;ZSTO;CORREA VENTILADOR;VOLVO CONS;VOE20459311;U365;365;V1;1;2;C29;FILTROS/RESPUESTOS;CORREAS;VOLVO EC 480D;KG;ZPAN;1000090609;SIN TRATAMIENTO;;;;;22/7/2026;22/6/2026;;10152961
00365 RIO TINTO;1002207;ZSTO;CORREA ALTERNADOR;HAULOTTE G // CONTINENTA // No aplica;4000053460 // AVX 13X1188 // 2614B543;U365;365;V1;4;6;C29;FILTROS/RESPUESTOS;CORREAS;HAULOTTE 4014 /4017;KG;ZPAN;1000089261;ADJUDICADO;4500129529;;;;29/6/2026;29/5/2026;C29;10151231
00365 RIO TINTO;1002212;ZSTO;CORREA DE ALTERNADOR;CATERPILLA // // No aplica;8PK1537 // 22275091 // 8PK-1540 // 8PK1535;U365;365;V1;14;24;C29;FILTROS/RESPUESTOS;CORREAS;PLATAFORMA DE MANTENIMIENTO VE;KG;ZPAN;1000090609;SIN TRATAMIENTO;;;;;22/7/2026;22/6/2026;;10152961
00365 RIO TINTO;1002276;ZSTO;PROTECTOR LATERAL BALDE;VOLVO CONS // VOLVO CONS;VOE14537759 // 22E158;U365;365;V1;3;4;C29;FILTROS/RESPUESTOS;DESGASTE;VOLVO EC 480D;KG;ZPAS;1000086470;SIN TRATAMIENTO;;;;;27/4/2026;13/4/2026;;
00365 RIO TINTO;1002314;ZSTO;BRAZO DE RIPPER X UN;CATERPILLA;9J6586;U365;365;V1;5;8;C29;FILTROS/RESPUESTOS;DESGASTE;CAT 140K // JD670 CAT 140K;KG;ZPAS;1000087709;SIN TRATAMIENTO;;;;;18/5/2026;4/5/2026;;
00365 RIO TINTO;1002353;ZSTO;TUERCA 5 8;JOHN DEERE // JOHN DEERE // CATERPILLA;14H1095 // NP158 // 4K0367;U365;365;V1;32;56;C29;FILTROS/RESPUESTOS;DESGASTE;JD 770 670 CAT 140H;KG;ZPAN;1000089569;ADJUDICADO;4500130593;;;;3/7/2026;3/6/2026;C29;10151598
00365 RIO TINTO;1002491;ZSTO;FILTRO ACEITE MOTOR;CATERPILLA // No aplica;2698325 // 4621171;U365;365;V1;2;2;C29;FILTROS/RESPUESTOS;FILTROS;CAT 938H;KG;ZPAN;1000089879;ADJUDICADO;4500130458;;;;9/7/2026;9/6/2026;C29;10152047
00365 RIO TINTO;1002566;ZSTO;FILTRO LINEA COMBUSTIBLE;FLEETGUARD // FLEETGUARD // FLEETGUARD // DONALDSON // // FLEETGUARD;FF5079 // FF5006 // FS5288 // P550090 // P550974 // 4080720;U365;365;V1;9;16;C29;FILTROS/RESPUESTOS;FILTROS;FILTROS;KG;ZPAN;1000090113;ADJUDICADO;4500130494;;;;12/7/2026;12/6/2026;C29;10152307
00365 RIO TINTO;1002606;ZSTO;FILTRO COMBUSTIBLE X UN;JOHN DEERE;AT365869;U365;365;V1;6;9;C29;FILTROS/RESPUESTOS;FILTROS;JD 850J;KG;ZPAN;1000090290;ADJUDICADO;4500130593;;;;16/7/2026;16/6/2026;C29;10152484
00365 RIO TINTO;1002675;ZSTO;FILTRO COMBUSTIBLE;PERKINS // // PARKER // // // HAULOTTE G // PERKINS // PERKINS // MANITOU;26560201 // FS20009 // REC-154 // SN40645 // TCE1804I // 2427003070 // 26560201 // 4816636 // 605013;U365;365;V1;2;3;C29;FILTROS/RESPUESTOS;FILTROS;MANITOU/HAULOTTE;KG;ZPAN;1000089261;SIN TRATAMIENTO;;;;;29/6/2026;29/5/2026;;10151231
00365 RIO TINTO;1002704;ZSTO;FILTRO AIRE XUN;CATERPILLA;6I2501;U365;365;V1;3;5;C29;FILTROS/RESPUESTOS;FILTROS;FILTROS;KG;ZPAN;1000090032;ADJUDICADO;4500130458;;;;11/7/2026;11/6/2026;C29;10152234
00365 RIO TINTO;1002710;ZSTO;FILTRO DE AIRE;KOMATSU HO // // DARMET;6001855110 // P532503 // VP-3722;U365;365;V1;5;8;C29;FILTROS/RESPUESTOS;FILTROS;KOMATSU D65EX12;KG;ZPAN;1000089261;ADJUDICADO;4500129344;;;;29/6/2026;29/5/2026;C29;10151231
00365 RIO TINTO;1002732;ZSTO;FILTRO DE AIRE DE CABINA;CATERPILLA;2314486;U365;365;V1;2;3;C29;FILTROS/RESPUESTOS;FILTROS;CAT;KG;ZPAN;1000090290;ADJUDICADO;4500130458;;;;16/7/2026;16/6/2026;C29;10152484
00365 RIO TINTO;1002733;ZSTO;FILTRO AIRE CABINA XUN;CATERPILLA // CATERPILLA;2321732 // 2314487;U365;365;V1;7;11;C29;FILTROS/RESPUESTOS;FILTROS;CAT;KG;ZPAN;1000090290;ADJUDICADO;4500130458;;;;16/7/2026;16/6/2026;C29;10152484
00365 RIO TINTO;1002735;ZSTO;FILTRO AIRE PRIMARIO XUN;CATERPILLA // DONALDSON;2456375 // P782105;U365;365;V1;5;8;C29;FILTROS/RESPUESTOS;FILTROS;CAT;KG;ZPAN;1000090290;ADJUDICADO;4500130458;;;;16/7/2026;16/6/2026;C29;10152484
00365 RIO TINTO;1002832;ZSTO;FILTRO COMBUSTIBLE;FLEETGUARD // // FLEETGUARD // DONALDSON // MANN;2RK127177A // DB0519 // FF5052 // P553004 // WK723;U365;365;V1;7;11;C29;FILTROS/RESPUESTOS;FILTROS;VW 26260 - ONAN;KG;ZPAN;1000089172;ADJUDICADO;4500129344;;;;28/6/2026;28/5/2026;C29;10151147
00365 RIO TINTO;1002925;ZSTO;FILTRO AIRE PRIMARIO;BOMAG GMBH // // DONALDSON // DONALDSON // BALDWIN;5821147 // C20500 // P778994 // P779894 // RS3992;U365;365;V1;4;6;C29;FILTROS/RESPUESTOS;FILTROS;BW24RH;KG;ZPAN;1000090561;SIN TRATAMIENTO;;;;;19/7/2026;19/6/2026;;10152879
00365 RIO TINTO;1002926;ZSTO;FILTRO AIRE SECUNDARIO;BOMAG GMBH // // DONALDSON // BALDWIN;5821148 // CF5001 // P780036 // RS3993;U365;365;V1;4;6;C29;FILTROS/RESPUESTOS;FILTROS;BOMAG BW24 RH;KG;ZPAN;1000090290;ADJUDICADO;4500130494;;;;16/7/2026;16/6/2026;C29;10152484
00365 RIO TINTO;1002931;ZSTO;FILTRO ACEITE;VOLVO CONS // VOLVO MAQU // FLEETGUARD // VOLVO CONS // VOLVO CONS;P21707133 // 17533660 // LF667 // VOE478736 // 23658092;U365;365;V1;36;63;C29;FILTROS/RESPUESTOS;FILTROS;VOLVO 330 // VOLVO L260H;KG;ZPAN;1000090609;SIN TRATAMIENTO;;;;;22/7/2026;22/6/2026;;10152961
00365 RIO TINTO;1002932;ZSTO;FILTRO ACEITE;VOLVO CONS // VOLVO CONS;P21707132 // VOE477556;U365;365;V1;16;27;C29;FILTROS/RESPUESTOS;FILTROS;VOLVO L260H;KG;ZPAN;1000090290;ADJUDICADO;4500130468;;;;16/7/2026;16/6/2026;C29;10152484
00365 RIO TINTO;1002988;ZSTO;FILTRO DE ACEITE (HIDRAULICO);KOEHRING // FLEETGUARD;7086449 // HF7538;U365;365;V1;1;2;C29;FILTROS/RESPUESTOS;FILTROS;GRUA TEREX;KG;ZPAN;1000087713;ADJUDICADO;4500127030;;;;4/6/2026;4/5/2026;C29;10149101
00365 RIO TINTO;1003026;ZSTO;FILTRO SEPARADOR DE AGUA;FLEETGUARD // FLEETGUARD // DONALDSON;FS19652 // FS1280 // P551329;U365;365;V1;11;19;C29;FILTROS/RESPUESTOS;FILTROS;ONAN C66D5;KG;ZPAN;1000089261;ADJUDICADO;4500129344;;;;29/6/2026;29/5/2026;C29;10151231
00365 RIO TINTO;1003027;ZSTO;ELEMENTO FILTRO DE ACEITE;FLEETGUARD // BALDWIN // // // No aplica;LF16061 // B7362 // DBL7349 // LF3806 // P556615;U365;365;V1;11;19;C29;FILTROS/RESPUESTOS;FILTROS;ONAN C66D5;KG;ZPAN;1000086986;ADJUDICADO;4500125822;;;;21/5/2026;21/4/2026;C29;10148194
00365 RIO TINTO;1003057;ZSTO;ELEMENTO FILTRO DE AIRE PRIMARIO;JOHN DEERE;AT175223;U365;365;V1;6;9;C29;FILTROS/RESPUESTOS;FILTROS;MOTONIVELADORA JD 770 G;KG;ZPAN;1000090441;SIN TRATAMIENTO;;;;;18/7/2026;18/6/2026;;10152709
00365 RIO TINTO;1003058;ZSTO;KIT FILTRO COMBUSTIBLE COMPLETO;JOHN DEERE // JOHN DEERE;RE525523 // RE52090652323;U365;365;V1;6;9;C29;FILTROS/RESPUESTOS;FILTROS;MOTONIVELADORA JD 770 G;KG;ZPAN;1000090441;SIN TRATAMIENTO;;;;;18/7/2026;18/6/2026;;10152709
00365 RIO TINTO;1003081;ZSTO;FILTRO DE AIRE;FLEETGUARD // No aplica // // No aplica;AF25910 // MSA25910 // P500955 // P50955;U365;365;V1;8;13;C29;FILTROS/RESPUESTOS;FILTROS;GRUPO ELECTROGENO CUMMINS C110;KG;ZPAN;1000087054;CUMPLIDO PARCIAL;4500126543;7/5/2026;7/5/2026;8/5/2026;22/5/2026;22/4/2026;C29;10148300
00365 RIO TINTO;1003093;ZSTO;FILTRO DE COMBUSTIBLE;VOLVO CONS // VOLVO CONS;P22480372 // VOE15126069;U365;365;V1;27;47;C29;FILTROS/RESPUESTOS;FILTROS;VOLVO FM460;KG;ZPAN;1000089947;PICKEADO;4500130137;18/6/2026;18/6/2026;;10/7/2026;10/6/2026;C29;10152118
00365 RIO TINTO;1003095;ZSTO;FILTRO TRAMPA DE AGUA COMBUSTIBLE;PARKER RAC //;21925732 // 23662435;U365;365;V1;15;25;C29;FILTROS/RESPUESTOS;FILTROS;VOLVO FM460;KG;ZPAN;1000090290;ADJUDICADO;4500130468;;;;16/7/2026;16/6/2026;C29;10152484
00365 RIO TINTO;1003097;ZSTO;FILTRO DE AIRE PRIMARIO;VOLVO CONS;21337557;U365;365;V1;24;41;C29;FILTROS/RESPUESTOS;FILTROS;VOLVO FM460;KG;ZPAN;1000090113;ADJUDICADO;4500130468;;;;12/7/2026;12/6/2026;C29;10152307
00365 RIO TINTO;1003106;ZSTO;FILTRO DE AIRE SECUNDARIO;FLEETGUARD // //;AF25911 // P500956 // SA18138;U365;365;V1;6;9;C29;FILTROS/RESPUESTOS;FILTROS;C110D5;KG;ZPAN;1000090290;ADJUDICADO;4500130494;;;;16/7/2026;16/6/2026;C29;10152484
00365 RIO TINTO;1003126;ZSTO;FILTRO SECADO DE AIRE;VOLVO CONS // VOLVO CONS // VOLVO CONS //;21412848 // 22223804 // 23260134 // 23690622;U365;365;V1;24;41;C29;FILTROS/RESPUESTOS;FILTROS;VOLVO FM460;KG;ZPAN;1000089947;PICKEADO;4500130137;18/6/2026;18/6/2026;;10/7/2026;10/6/2026;C29;10152118
00365 RIO TINTO;1003167;ZSTO;FILTRO TRAMPA DE AGUA;CATERPILLA;4395037;U365;365;V1;2;2;C29;FILTROS/RESPUESTOS;FILTROS;CHIEFTAIN 2100 X;KG;ZPAN;1000089879;ADJUDICADO;4500129947;;;;9/7/2026;9/6/2026;C29;10152047
00365 RIO TINTO;1003171;ZSTO;FILTRO DE AIRE SECUNDARIO;FLEETGUARD // FILPLUS;AF26086 // MSA26086;U365;365;V1;3;5;C29;FILTROS/RESPUESTOS;FILTROS;FILTRO AIRE;KG;ZPAN;1000090113;SIN TRATAMIENTO;;;;;12/7/2026;12/6/2026;;10152307
00365 RIO TINTO;1003179;ZSTO;FILTRO DE TRANSMISION (CARTUCHO);CATERPILLA;3761288;U365;365;V1;1;2;C29;FILTROS/RESPUESTOS;FILTROS;CAT 950;KG;ZPAN;1000089879;ADJUDICADO;4500129947;;;;9/7/2026;9/6/2026;C29;10152047
00365 RIO TINTO;1003215;ZSTO;FILTRO DE AIRE PRIMARIO;CATERPILLA //;3862099 // 5771435;U365;365;V1;2;2;C29;FILTROS/RESPUESTOS;FILTROS;CAT 815 K;KG;ZPAN;1000089879;ADJUDICADO;4500129947;;;;9/7/2026;9/6/2026;C29;10152047
00365 RIO TINTO;1003216;ZSTO;FILTRO DE AIRE SECUNDARIO;CATERPILLA;3318108;U365;365;V1;2;2;C29;FILTROS/RESPUESTOS;FILTROS;CAT 815 K;KG;ZPAN;1000089879;ADJUDICADO;4500129947;;;;9/7/2026;9/6/2026;C29;10152047
00365 RIO TINTO;1003237;ZSTO;FILTRO DE COMBUSTIBLE;CATERPILLA;5000480;U365;365;V1;6;9;C29;FILTROS/RESPUESTOS;FILTROS;CAT 140K;KG;ZPAN;1000090290;ADJUDICADO;4500130458;;;;16/7/2026;16/6/2026;C29;10152484
00365 RIO TINTO;1003278;ZSTO;FILTRO DE ACEITE MOTOR;TEREX // BALDWIN // //;RPTX07049700120 // B7177 // LF3970 // NRPSANB222100000303;U365;365;V1;2;2;C29;FILTROS/RESPUESTOS;FILTROS;TEREX RT 35;KG;ZPAN;1000087612;ADJUDICADO;4500127057;;;;30/5/2026;30/4/2026;C29;10149026
00365 RIO TINTO;1003284;ZSTO;FILTRO DE AIRE PRIMARIO;FLEETGUARD // DONALDSON;AF55014 // DBA5292;U365;365;V1;2;2;C29;FILTROS/RESPUESTOS;FILTROS;GRUA TEREX 780;KG;ZPAN;1000087713;ADJUDICADO;4500127030;;;;4/6/2026;4/5/2026;C29;10149101
00365 RIO TINTO;1003299;ZSTO;FILTRO RETORNO TANQUE HIDRAULICO;UFI FILTER // DONALDSON;ESE11NCC // P565243;U365;365;V1;3;5;C29;FILTROS/RESPUESTOS;FILTROS;VOLCADORA BACO;KG;ZPAN;1000090113;ADJUDICADO;4500130494;;;;12/7/2026;12/6/2026;C29;10152307
00365 RIO TINTO;1003905;ZSTO;SUPLEMENTO CIRC.;CATERPILLA //;1289654 // 3807417;U365;365;V1;13;22;C29;FILTROS/RESPUESTOS;REPUESTOS;CAT 140H;KG;ZPAN;1000089024;ADJUDICADO;4500129043;;;;26/6/2026;26/5/2026;C29;10150954
00365 RIO TINTO;1004042;ZSTO;LAMPARA 24V-H7 70W X UN;;PX26D-PHILIPS-OSRAM;U365;365;V1;9;16;C29;FILTROS/RESPUESTOS;REPUESTOS;ELECTRICIDAD AUTOMOTOR;KG;ZPAN;1000090113;PICKEADO;4500130357;19/6/2026;19/6/2026;;12/7/2026;12/6/2026;C29;10152307
00365 RIO TINTO;1009436;ZSTO;UREA AZUL 32 X BIN 1000LTS;YPF S.A. // RAIZEN ARG // YPF S.A. // AXION ENER;L60866 // 516385 // 810300000371;U365;365;V1;2;3;L02;FLUIDOS;LUBRICANTES;ADITIVOS;KG;ZPAN;1000089798;PICKEADO;4500130008;17/6/2026;17/6/2026;;22/6/2026;8/6/2026;L02;10151896
00365 RIO TINTO;1009476;ZSTO;"PANTALON TERMICO ""ROJO"" T L";;;U365;365;V1;24;41;C28;SEGURIDAD/ROPA/EPP;ROPA;INDUMENTARIA -15;KG;ZPAN;1000088902;ADJUDICADO;4500128549;;;;22/6/2026;22/5/2026;C28;10150772
00365 RIO TINTO;1009478;ZSTO;"PANTALON TERMICO ""ROJO"" T XXL";;;U365;365;V1;24;41;C28;SEGURIDAD/ROPA/EPP;ROPA;INDUMENTARIA -15;KG;ZPAN;1000090290;ADJUDICADO;4500130389;;;;16/7/2026;16/6/2026;C28;10152484
00365 RIO TINTO;1015800;ZSSD;GUANTE VAQUETA MEDIO PASEO FORRADO X PAR;;MÚLT. 12U;U365;365;V1;267;470;C28;SEGURIDAD/ROPA/EPP;SEGURIDAD;GUANTE;KG;ZPAN;1000090290;ADJUDICADO;4500130389;;;;16/7/2026;16/6/2026;C28;10152484
00365 RIO TINTO;1015809;ZSSD;LIMPIA VIDRIOS X 5 LTS;;;U365;365;V1;6;9;C17;INSUMOS A;LIMPIEZA;INSUMOS;KG;ZPAN;1000090517;SIN TRATAMIENTO;;;;;19/7/2026;19/6/2026;;10152836
00365 RIO TINTO;1015925;ZSCD;KRIOX 3 - REFRIGERANTE ANTICONG. X20 LT;;;U365;365;V1;23;39;C29;FILTROS/RESPUESTOS;INSUMOS;?;KG;ZPAN;1000090113;ADJUDICADO;4500130226;;;;12/7/2026;12/6/2026;C29;10152307
00365 RIO TINTO;1015963;ZSCD;ANTEOJO ECOLINE GRIS H/C;LIBUS;LIBUS-ECOLINE//DEPASCALE-UCU112B;U365;365;V1;89;157;C28;SEGURIDAD/ROPA/EPP;SEGURIDAD;EPP;KG;ZPAN;1000090517;SIN TRATAMIENTO;;;;;19/7/2026;19/6/2026;;10152836
00365 RIO TINTO;1016017;ZSCD;BOTIN CONW 53 BAF MARRON FLOR P.ACER N36;;;U365;365;V1;3;4;C28;SEGURIDAD/ROPA/EPP;SEGURIDAD;CALZADO;KG;ZPAN;1000090609;SIN TRATAMIENTO;;;;;22/7/2026;22/6/2026;;10152961
00365 RIO TINTO;1016074;ZSTO;UÑA BALDE HEAVY DUTY  - 66ARXE;VOLVO CONS;VOE14732402;U365;365;V1;6;9;C29;FILTROS/RESPUESTOS;DESGASTE;VOLVO EC 480D;KG;ZPAS;1000089027;SIN TRATAMIENTO;;;;;9/6/2026;26/5/2026;;
00365 RIO TINTO;1016075;ZSTO;TRABA UÑA BALDE - 66P;VOLVO CONS;VOE17473106;U365;365;V1;6;9;C29;FILTROS/RESPUESTOS;DESGASTE;VOLVO EC 480D;KG;ZPAS;1000089027;SIN TRATAMIENTO;;;;;9/6/2026;26/5/2026;;
00365 RIO TINTO;1016076;ZSTO;SEGMENTO E/ PORTAUÑAS BALDE-50/60BPE120;VOLVO CONS // VOLVO CONS;VOE14619306 // 50/60BPE120;U365;365;V1;3;5;C29;FILTROS/RESPUESTOS;DESGASTE;VOLVO EC 480D;KG;ZPAS;1000087709;SIN TRATAMIENTO;;;;;18/5/2026;4/5/2026;;
00365 RIO TINTO;1016098;ZSTO;FILTRO DE AIRE PRIMARIO;VOLVO MAQU;17500260;U365;365;V1;3;5;C29;FILTROS/RESPUESTOS;FILTROS;VOLVO EC 480D;KG;ZPAN;1000090609;SIN TRATAMIENTO;;;;;22/7/2026;22/6/2026;;10152961
00365 RIO TINTO;1016163;ZSTO;FILTRO TRAMPA DE AGUA;VOLVO MAQU;17515206;U365;365;V1;3;5;C29;FILTROS/RESPUESTOS;FILTROS;VOLVO EC 480D;KG;ZPAN;1000090609;SIN TRATAMIENTO;;;;;22/7/2026;22/6/2026;;10152961
00365 RIO TINTO;1016196;ZSTO;CUBIERTA TRASERO 13 R 22.5;PIRELLI NE // TRIANGLE T;TQ:01 // TR918 18PR;U365;365;V1;8;13;C03;EQUIPOS;CUBIERTAS;CAMION;KG;ZPAN;1000090290;SIN TRATAMIENTO;;;;;16/7/2026;16/6/2026;;10152484
00365 RIO TINTO;1016479;ZSCD;PROTECTOR SOLAR (CREMA) FACT 60 X 120ML;;;U365;365;V1;178;313;C28;SEGURIDAD/ROPA/EPP;SEGURIDAD;INSUMO;KG;ZPAN;1000090113;ADJUDICADO;4500130438;;;;12/7/2026;12/6/2026;C28;10152307
00365 RIO TINTO;1016647;ZSSD;CMASTRA TRAMPA DE AGUA;MAHLE FILT; FPT 5801586769;U365;365;V1;6;9;AGV;COMPRAS AGV;REPUESTOS;FILTROS;KG;ZPAN;1000089812;SIN TRATAMIENTO;;;;;8/7/2026;8/6/2026;;10151904
00365 RIO TINTO;1016648;ZSSD;CMASTRA TRAMPA DE AGUA (CUADRADO);DONALDSON;P550904;U365;365;V1;6;9;AGV;COMPRAS AGV;REPUESTOS;FILTROS;KG;ZPAN;1000089812;ADJUDICADO;4500130455;;;;8/7/2026;8/6/2026;C11;10151904
00365 RIO TINTO;1016649;ZSSD;CMASTRA FILTRO DE COMBUSTIBLE;DONALDSON;FPT 5801586769/MAHLE KC171/P763995;U365;365;V1;6;9;AGV;COMPRAS AGV;REPUESTOS;FILTROS;KG;ZPAN;1000089812;ADJUDICADO;4500130455;;;;8/7/2026;8/6/2026;C11;10151904
00365 RIO TINTO;1016653;ZSSD;CMASTRA FILTRO SECADOR DE AIRE;MAHLE FILT; AL12/AL24.;U365;365;V1;5;8;AGV;COMPRAS AGV;REPUESTOS;FILTROS;KG;ZPAN;1000087713;SIN TRATAMIENTO;;;;;4/6/2026;4/5/2026;;10149101
00365 RIO TINTO;1016655;ZSSD;CMASTRA CORREA ALTERNADOR;REPUESTOS;12PK1815;U365;365;V1;4;6;AGV;COMPRAS AGV;REPUESTOS;CORREAS;KG;ZPAN;1000080831;ADJUDICADO;4500119588;;;;2/2/2026;12/1/2026;AGV;10140109
00365 RIO TINTO;1016689;ZSSD;HC119FILTRO DE AIRE PRIMARIO;DONALDSON;P61333 / FLEETGUARD - AF25962;U365;365;V1;3;5;AGV;COMPRAS AGV;REPUESTOS;FILTROS;KG;ZPAN;1000087713;ADJUDICADO;4500130455;;;;4/6/2026;4/5/2026;C11;10149101
00365 RIO TINTO;1016703;ZSTO;Filtro de Aire Secundario;SANY HEAVY // DARMET;RPSAN160602030016A // EAP-1849;U365;365;V1;11;19;C29;FILTROS/RESPUESTOS;FILTROS;CAMION FUERA DE RUTA SANY SKT 90S;KG;ZPAN;1000090113;ADJUDICADO;4500130649;;;;12/7/2026;12/6/2026;C29;10152307
00365 RIO TINTO;1016706;ZSTO;Filtro Secador de Aire - Frenos;SANY HEAVY //;RPSAN152599000112A001 // P951413;U365;365;V1;3;4;C29;FILTROS/RESPUESTOS;FILTROS;CAMION FUERA DE RUTA SANY SKT 90S;KG;ZPAN;1000088132;ADJUDICADO;4500127624;;;;11/6/2026;11/5/2026;C29;10149772
00365 RIO TINTO;1016708;ZSTO;Filtro A/A Cabina Interior;SANY HEAVY;RPSAN141502000077;U365;365;V1;6;9;C29;FILTROS/RESPUESTOS;FILTROS;CAMION FUERA DE RUTA SANY SKT 90S;KG;ZPAN;1000082288;CUMPLIDO PARCIAL;4500119710;23/4/2026;21/2/2026;24/4/2026;17/2/2026;3/2/2026;C29;10142059
00365 RIO TINTO;1016711;ZSTO;Filtro Trampa de Agua;SANY HEAVY //;RPSAN160603020024A // P550778;U365;365;V1;12;20;C29;FILTROS/RESPUESTOS;FILTROS;CAMION FUERA DE RUTA SANY SKT 90S;KG;ZPAN;1000089261;ADJUDICADO;4500129344;;;;29/6/2026;29/5/2026;C29;10151231
00365 RIO TINTO;1016712;ZSTO;Filtro Combustible c/ Sensor;SANY HEAVY //;RPSAN160604020017 // P 550778;U365;365;V1;11;19;C29;FILTROS/RESPUESTOS;FILTROS;CAMION FUERA DE RUTA SANY SKT 90S;KG;ZPAN;1000090113;ADJUDICADO;4500130494;;;;12/7/2026;12/6/2026;C29;10152307
00365 RIO TINTO;1016717;ZSTO;CORREA A/A SKT90;SANY HEAVY //;RPSAN60141428 // 6PK1400;U365;365;V1;7;11;C29;FILTROS/RESPUESTOS;CORREAS;CAMION FUERA DE RUTA SANY SKT 90S;KG;ZPAN;1000082288;CUMPLIDO PARCIAL;4500119392;5/5/2026;5/5/2026;6/5/2026;11/4/2026;3/2/2026;C03;10142059
00365 RIO TINTO;1016919;ZSSD;LUBRICANTE MULTIUSO WD-40 440CC;;;U365;365;V1;18;31;C27;FERRETERIA MR01;FERRETERIA;ADHESIVOS/SELLADORES/LUBRICANT;KG;ZPAN;1000090290;SIN TRATAMIENTO;;;;;16/7/2026;16/6/2026;;10152484
00365 RIO TINTO;1016938;ZSSD;SILICONA LIQUIDA BRILLO SILICONADO X5LT;;;U365;365;V1;5;8;C17;INSUMOS A;LIMPIEZA;LIMPIEZA /SEGURIDAD;KG;ZPAN;1000090441;SIN TRATAMIENTO;;;;;18/7/2026;18/6/2026;;10152709
00365 RIO TINTO;1016999;ZSSD;BOLIGRAFO TRAZO GRUESO AZUL;;MÚLT. 50U;U365;365;V1;72;125;C17;INSUMOS A;LIBRERIA;LIBRERIA;KG;ZPAN;1000090609;SIN TRATAMIENTO;;;;;22/7/2026;22/6/2026;;10152961
00365 RIO TINTO;1017024;ZSSD;SOPORTE P MATAFUEGO 10KG (COLGAR);;;U365;365;V1;9;16;C28;SEGURIDAD/ROPA/EPP;FERRETERIA;ACCESORIO SEGURIDAD;KG;ZPAN;1000090517;SIN TRATAMIENTO;;;;;19/7/2026;19/6/2026;;10152836
00365 RIO TINTO;1017222;ZSSD;LAPIZ A MINA 05 MM B;;;U365;365;V1;6;9;C17;INSUMOS A;LIBRERIA;INSUMOS;KG;ZPAN;1000090609;SIN TRATAMIENTO;;;;;22/7/2026;22/6/2026;;10152961
00365 RIO TINTO;1017948;ZSTO;Conjunto Respiradero;CATERPILLA;1833873;U365;365;V1;3;5;C29;FILTROS/RESPUESTOS;REPUESTOS;140K;KG;ZPAN;1000089024;ADJUDICADO;4500129043;;;;26/6/2026;26/5/2026;C29;10150954
00365 RIO TINTO;1018268;ZSSD;CORREA DE COMPRESOR A/A;LEVAS BOSC;4PK1157;U365;365;V1;5;8;AGV;COMPRAS AGV;REPUESTOS;CORREAS;KG;ZPAN;1000080831;ADJUDICADO;4500119588;;;;2/2/2026;12/1/2026;AGV;10140109
00365 RIO TINTO;1018495;ZSSD;FILTRO DE AIRE;DONALDSON;P776158;U365;365;V1;3;5;AGV;COMPRAS AGV;FILTROS;?;KG;ZPAN;1000090290;SIN TRATAMIENTO;;;;;16/7/2026;16/6/2026;;10152484
00365 RIO TINTO;1018497;ZSSD;FILTRO COMBUSTIBLE;FLEETGUARD;FF5052;U365;365;V1;8;13;AGV;COMPRAS AGV;REPUESTOS;FILTROS;KG;ZPAN;1000066576;ADJUDICADO;4500100392;;;;31/5/2025;10/5/2025;AGV;10121141
00365 RIO TINTO;1018582;ZSSD;UÑAS RIPPER KOMATSU;IGARRETA M;131-78-31190;U365;365;V1;3;5;C29;FILTROS/RESPUESTOS;REPUESTOS;KOMATSU;KG;ZPAN;1000089812;ADJUDICADO;4500130461;;;;8/7/2026;8/6/2026;C29;10151904
00365 RIO TINTO;1018583;ZSSD;PASADORES UÑAS RIPPER KOMATSU;IGARRETA M;09244-02489;U365;365;V1;3;5;C29;FILTROS/RESPUESTOS;REPUESTOS;KOMATSU;KG;ZPAN;1000089812;ADJUDICADO;4500130470;;;;8/7/2026;8/6/2026;C29;10151904
00365 RIO TINTO;1018847;ZSSD;FILTRO DE COMBUSTIBLE;FLEETGUARD;FF5688;U365;365;V1;8;13;AGV;COMPRAS AGV;REPUESTOS;FILTROS;KG;ZPAN;1000088266;SIN TRATAMIENTO;;;;;15/6/2026;13/5/2026;;10150043
00365 RIO TINTO;1018851;ZSSD;FILTRO TANQUE DE COMBUSTIBLE;KOBELCO CO;VH23303EV010;U365;365;V1;6;9;AGV;COMPRAS AGV;REPUESTOS;FILTROS;KG;ZPAN;1000088266;SIN TRATAMIENTO;;;;;15/6/2026;13/5/2026;;10150043
00365 RIO TINTO;1018855;ZSSD;FILTRO COLADOR TANQUE DE COMBUSTIBLE;KOBELCO CO;YN50V00029P1;U365;365;V1;5;8;AGV;COMPRAS AGV;REPUESTOS;FILTROS;KG;ZPAN;1000074118;ADJUDICADO;4500111062;;;;4/10/2025;16/9/2025;AGV;10131113
00365 RIO TINTO;1018863;ZSSD;CORREA VENTILADOR;KOBELCO CO;VHSZ91049259;U365;365;V1;9;16;AGV;COMPRAS AGV;REPUESTOS;CORREAS;KG;ZPAN;1000089024;SIN TRATAMIENTO;;;;;26/6/2026;26/5/2026;;10150954
00365 RIO TINTO;1018868;ZSSD;TRABA DE UÑA;HENSLEY;K40;U365;365;V1;5;8;AGV;COMPRAS AGV;REPUESTOS;EQUIPOS;KG;ZPAN;1000087713;SIN TRATAMIENTO;;;;;4/6/2026;4/5/2026;;10149101
00365 RIO TINTO;1021954;ZSTO;TONER HP 105A;;105A;U365;365;V1;6;9;C05;INFORMÁT.-HARDWARE;INSUMOS;?;KG;ZPAN;1000090609;SIN TRATAMIENTO;;;;;22/7/2026;22/6/2026;;10152961
00365 RIO TINTO;1025998;ZSSD;FILTRO HIDRAULICO;KOBELCO CO;YN52V01025R100;U365;365;V1;1;2;AGV;COMPRAS AGV;REPUESTOS;FILTRO;KG;ZPAN;1000066582;ADJUDICADO;4500105850;;;;31/5/2025;11/5/2025;AGV;10121146
00365 RIO TINTO;1027764;ZSTO;CORREA A/A;SKF;4PK1025;U365;365;V1;1;2;C29;FILTROS/RESPUESTOS;CORREAS;?;KG;ZPAN;1000090441;ADJUDICADO;4500130784;;;;18/7/2026;18/6/2026;C29;10152709
00365 RIO TINTO;1028199;ZSSD;FILTRO REFRIGERANTE;FLEETGUARD;WF2076;U365;365;V1;2;3;AGV;COMPRAS AGV;REPUESTOS;FILTRO;KG;ZPAN;1000087713;SIN TRATAMIENTO;;;;;4/6/2026;4/5/2026;;10149101
00365 RIO TINTO;1028202;ZSSD;CORREA VENTILADOR;DISTRIBUID;30402292 (13X1025);U365;365;V1;1;2;C29;FILTROS/RESPUESTOS;CORREAS;?;KG;ZPAN;1000089812;PICKEADO;4500130034;16/6/2026;16/6/2026;;8/7/2026;8/6/2026;C29;10151904
00365 RIO TINTO;1029933;ZSTO;CORREA MOTOR;;8PK-1837;U365;365;V1;4;6;C35;OBRA RIO TINTO;REPUESTOS;CORREAS;KG;ZPAN;1000089569;ADJUDICADO;4500130567;;;;3/7/2026;3/6/2026;C35;10151598
00365 RIO TINTO;1034220;ZSTO;JUNTA LATERAL MOTOR 6 CILINDROS;;3284623;U365;365;V1;1;2;C03;EQUIPOS;REPUESTOS;CUMMINS 4;KG;ZPAN;1000087713;DESPACHADO;4500127222;12/6/2026;12/6/2026;12/6/2026;4/6/2026;4/5/2026;C03;10149101
00365 RIO TINTO;1042515;ZSCD;BOTIN CONW 53 BAF MARRON P.ACER N41;;;U365;365;V1;12;20;C28;SEGURIDAD/ROPA/EPP;SEGURIDAD;CALZADO;KG;ZPAN;1000090517;SIN TRATAMIENTO;;;;;19/7/2026;19/6/2026;;10152836
00365 RIO TINTO;1042668;ZSTO;FILTRO DE ACEITE MOTOR;;DZ118283;U365;365;V1;4;6;C29;FILTROS/RESPUESTOS;FILTROS;AUTOMOTOR;KG;ZPAN;1000090441;SIN TRATAMIENTO;;;;;18/7/2026;18/6/2026;;10152709
00365 RIO TINTO;1042669;ZSTO;CUCHILLA;CATERPILLA;5D-9559;U365;365;V1;2;3;AGV;COMPRAS AGV;REPUESTOS;CAT;KG;ZPAN;1000087713;ADJUDICADO;4500130455;;;;4/6/2026;4/5/2026;C11;10149101
00365 RIO TINTO;1042779;ZSTO;CORREA ALTERNADOR;SERVICAM R;8PK1546;U365;365;V1;2;3;AGV;COMPRAS AGV;CORREAS;?;KG;ZPAN;1000073641;ADJUDICADO;4500110665;;;;23/9/2025;9/9/2025;AGV;10130533
00365 RIO TINTO;1042780;ZSTO;CORREA VENTILADOR;REPUESTOS;8PK1372;U365;365;V1;2;3;AGV;COMPRAS AGV;CORREAS;?;KG;ZPAN;1000090113;ADJUDICADO;4500130417;;;;12/7/2026;12/6/2026;C29;10152307
00365 RIO TINTO;1042781;ZSTO;CORREA COMPRESOR A/A;SANY INTER;AV13X1090;U365;365;V1;2;3;AGV;COMPRAS AGV;CORREAS;AIRE ACONDICIONADO;KG;ZPAN;1000090113;ADJUDICADO;4500130417;;;;12/7/2026;12/6/2026;C29;10152307
00365 RIO TINTO;1054684;ZSTO;FILTRO AIRE PRIMARIO;;SA18158 HI-FI / RS5758 BALDWIN;U365;365;V1;2;3;AGV;COMPRAS AGV;REPUESTOS;FILTRO;KG;ZPAN;1000087713;SIN TRATAMIENTO;;;;;4/6/2026;4/5/2026;;10149101
00365 RIO TINTO;1054686;ZSTO;FILTRO AIRE SECUNDARIO;;SA18159 HI-FI / RS5759 BALDWIN;U365;365;V1;2;3;AGV;COMPRAS AGV;REPUESTOS;FILTRO;KG;ZPAN;1000087713;SIN TRATAMIENTO;;;;;4/6/2026;4/5/2026;;10149101
00365 RIO TINTO;1054687;ZSTO;FILTRO REFRIGERANTE;;WE2076 HI-FI // WF2076 (4058965) FLEETGU;U365;365;V1;2;3;AGV;COMPRAS AGV;REPUESTOS;FILTRO;KG;ZPAN;1000087713;SIN TRATAMIENTO;;;;;4/6/2026;4/5/2026;;10149101
00365 RIO TINTO;1055847;ZSCD;CAMPERA 2 PIEL C/LOGO T. XXXL;;;U365;365;V1;9;16;C28;SEGURIDAD/ROPA/EPP;SEGURIDAD;INDUMENTARIA;KG;ZPAN;1000087907;CUMPLIDO PARCIAL;4500127664;29/5/2026;;;10/6/2026;6/5/2026;C28;10149461
00365 RIO TINTO;1055848;ZSCD;CAMPERA 2 PIEL C/LOGO T. XXL;;;U365;365;V1;15;25;C28;SEGURIDAD/ROPA/EPP;SEGURIDAD;INDUMENTARIA;KG;ZPAN;1000087907;CUMPLIDO PARCIAL;4500127664;29/5/2026;;;10/6/2026;6/5/2026;C28;10149461
00372 UTE 372 GEO POSCO II;1000020;ZSTO;FILTRO DE CABINA;MERCEDES B // // MANN //;A9738350147 // AF26144 // CU5877 // P784971;U003;372;V1;2;3;F05;FILTRO AIRE CABINA;FILTROS;MERCEDES BENZ;KG;ZPAN;1000090143;ADJUDICADO;4500130569;;;;12/7/2026;12/6/2026;F05;10152325
00372 UTE 372 GEO POSCO II;1001678;ZSTO;FICHA T.STECK HEMBRA 220V 16A 2P T X UN;;;U003;372;V1;6;10;C11;ELECTRICIDAD;ELECTRICIDAD;FICHAS;KG;ZPAN;1000090306;SIN TRATAMIENTO;;;;;16/7/2026;16/6/2026;;10152500
00372 UTE 372 GEO POSCO II;1001679;ZSTO;FICHA T.STECK MACHO 220V 16A 2P T XUN;;;U003;372;V1;6;10;C11;ELECTRICIDAD;ELECTRICIDAD;FICHAS;KG;ZPAN;1000090306;SIN TRATAMIENTO;;;;;16/7/2026;16/6/2026;;10152500
00372 UTE 372 GEO POSCO II;1001680;ZSTO;FICHA T.STECK HEMBRA 380V 32A T N XUN;;;U003;372;V1;4;6;C11;ELECTRICIDAD;ELECTRICIDAD;FICHAS;KG;ZPAN;1000089117;ADJUDICADO;4500130234;;;;27/6/2026;27/5/2026;C11;10151049
00372 UTE 372 GEO POSCO II;1001697;ZSTO;GUANTE VAQUETA MEDIO PASEO T.10;;MÚLT. 12U;U003;372;V1;100;180;C28;SEGURIDAD/ROPA/EPP;SEGURIDAD;GUANTE;KG;ZPAN;1000090519;SIN TRATAMIENTO;;;;;19/7/2026;19/6/2026;;10152840
00372 UTE 372 GEO POSCO II;1001759;ZSTO;BOTIN MARRON/NEGRO FLOR P.ACERO N 43;CONWORK // VORAN // CALZADOS A // // // // BORIS;53BAF // CRONOS N T43 // ESCORPIO PRUS 1050 T43 // RINGO MOD BOLT TALLE 43 // RINGO-MOD PUNCH TALLE 43 // SKIWAY MOD. 3243 T43 // 3305 T43;U003;372;V1;3;4;C28;SEGURIDAD/ROPA/EPP;SEGURIDAD;CALZADO;KG;ZPAN;1000090519;SIN TRATAMIENTO;;;;;19/7/2026;19/6/2026;;10152840
00372 UTE 372 GEO POSCO II;1001790;ZSTO;ACEITE 15W40  X 205L;YPF S.A. // EXXON MOBI // CATERPILLA // SHELL PLC. // VOLVO MAQU // YPF S.A.;EXTRAVIDA XV300 // DELVAC MX 15W40 APICI4 // DEO 15W40 // R4 15W40 APICI4 ACEAE5E7 // VDS3 // 189292;U003;372;V1;3;4;L01;ACEITES;LUBRICANTES;ACEITES;KG;ZPAN;1000089881;ADJUDICADO;4500130162;;;;9/7/2026;9/6/2026;L01;10152050
00372 UTE 372 GEO POSCO II;1001791;ZSTO;ACEITE SAE 30 X 205L;YPF S.A. // YPF S.A. // YPF S.A.;FT SUPER 30 TR // 151692;U003;372;RE;1;1;L01;ACEITES;LUBRICANTES;ACEITES;KG;ZPAN;1000089881;ADJUDICADO;4500130162;;;;9/7/2026;9/6/2026;L01;10152050
00372 UTE 372 GEO POSCO II;1001808;ZSTO;UREA AZUL 32 X 10 LTS;YPF S.A. // YPF S.A.;516347 // 516347;U003;372;V1;3;7;L02;FLUIDOS;LUBRICANTES;VOLVO FM460;KG;ZPAN;1000090306;ADJUDICADO;4500130772;;;;16/7/2026;16/6/2026;L02;10152500
00372 UTE 372 GEO POSCO II;1001812;ZSTO;REFRIGERANTE ANTICONG. X20 LT;YPF S.A. // YPF S.A.;KRIOX 3 INORGANICO // 185280;U003;372;V1;3;5;L02;FLUIDOS;LUBRICANTES;ADITIVOS;KG;ZPAN;1000089830;ADJUDICADO;4500129756;;;;8/7/2026;8/6/2026;L02;10151929
00372 UTE 372 GEO POSCO II;1001841;ZSTO;CAMARA 12.00 R20;;MARCA DONGAH // MARCA PIRELLI;U003;372;V1;1;2;C52;CAMARAS;CUBIERTAS;CUBIERTAS;KG;ZPAN;1000089030;ADJUDICADO;4500129622;;;;26/6/2026;26/5/2026;C52;10150961
00372 UTE 372 GEO POSCO II;1001869;ZSTO;MARCADORINDUSTRIAL-AMARILLOXUN;UNIPAINT;MÚLT. 10U;U003;372;V1;25;38;C17;INSUMOS A;LIBRERIA;ESCRITURA;KG;ZPAN;1000090306;ADJUDICADO;4500130640;;;;16/7/2026;16/6/2026;C17;10152500
00372 UTE 372 GEO POSCO II;1001943;ZSTO;ADHESIVO CIANO 20 G XUN;CIANO;;U003;372;V1;4;6;C27;FERRETERIA MR01;FERRETERIA;ADHESIVOS;KG;ZPAN;1000089830;ADJUDICADO;4500130657;;;;8/7/2026;8/6/2026;C27;10151929
00372 UTE 372 GEO POSCO II;1001949;ZSTO;CANDADO 30MM XUN;;;U003;372;V1;2;4;C27;FERRETERIA MR01;FERRETERIA;ACCESORIOS;KG;ZPAN;1000090382;SIN TRATAMIENTO;;;;;17/7/2026;17/6/2026;;10152595
00372 UTE 372 GEO POSCO II;1001952;ZSTO;TRAPO LIMPIO (BOLSAX10KG) XUN;;MÚLT. 10 KG;U003;372;V1;6;10;C27;FERRETERIA MR01;FERRETERIA;ACCESORIOS;KG;ZPAN;1000089830;ADJUDICADO;4500130775;;;;8/7/2026;8/6/2026;C27;10151929
00372 UTE 372 GEO POSCO II;1001963;ZSTO;CINTA AISLADORA VERDE X10MT;;;U003;372;V1;6;10;C27;FERRETERIA MR01;FERRETERIA;INSUMOS;KG;ZPAN;1000089830;ADJUDICADO;4500130380;;;;8/7/2026;8/6/2026;C27;10151929
00372 UTE 372 GEO POSCO II;1001964;ZSTO;CINTA AISLADORA BLANCA;;;U003;372;V1;6;10;C27;FERRETERIA MR01;FERRETERIA;INSUMOS;KG;ZPAN;1000089830;ADJUDICADO;4500130380;;;;8/7/2026;8/6/2026;C27;10151929
00372 UTE 372 GEO POSCO II;1001971;ZSTO;ESMALTE SINT. AEROSOL ROJO X 440CC;;KUWAIT-SINTEPLAST;U003;372;V1;40;60;C22;INSUMOS C;PINTURAS;PINTURA AEROSOL;KG;ZPAN;1000089563;PICKEADO;4500130001;19/6/2026;19/6/2026;;3/7/2026;3/6/2026;C22;10151589
00372 UTE 372 GEO POSCO II;1002049;ZSTO;CAMPERA 2 PIEL T. S;;;U003;372;V1;4;7;C28;SEGURIDAD/ROPA/EPP;SEGURIDAD;INDUMENTARIA;KG;ZPAN;1000089748;ADJUDICADO;4500129644;;;;6/7/2026;5/6/2026;C28;10151819
00372 UTE 372 GEO POSCO II;1002385;ZSTO;UNA;HENSLEY // KOMATSU HO // KOMATSU HO;KH20S // IKA20LN // KH20EX // KH20HS // KH20SDX;U003;372;V1;8;15;G04;UÑAS;DESGASTE;PC130-8 OM;KG;ZPAN;1000089881;ADJUDICADO;4500130471;;;;9/7/2026;9/6/2026;G04;10152050
00372 UTE 372 GEO POSCO II;1002480;ZSTO;FILTRO ACEITE;BOMAG GMBH // DONALDSON;5710640 // P553771;U003;372;V1;3;5;F03;FILTRO ACEITE;FILTROS;BOMAG 213/219;KG;ZPAN;1000089440;EMBALADO;4500129783;11/6/2026;11/6/2026;;2/7/2026;2/6/2026;F03;10151475
00372 UTE 372 GEO POSCO II;1002485;ZSTO;FILTRO CABINA RECIRCULADO;JOHN DEERE;AT184590;U003;372;V1;2;3;F05;FILTRO AIRE CABINA;FILTROS;FILTROS;KG;ZPAN;1000090143;ADJUDICADO;4500130480;;;;12/7/2026;12/6/2026;F04;10152325
00372 UTE 372 GEO POSCO II;1002491;ZSTO;FILTRO ACEITE MOTOR;CATERPILLA // No aplica;2698325 // 4621171;U003;372;V1;3;4;F03;FILTRO ACEITE;FILTROS;CAT 938H;KG;ZPAN;1000089440;EMBALADO;4500129556;11/6/2026;11/6/2026;;2/7/2026;2/6/2026;F04;10151475
00372 UTE 372 GEO POSCO II;1002514;ZSTO;FILTRO ACEITE;JOHN DEERE // JOHN DEERE;RE541420 // RE504836;U003;372;V1;3;5;F03;FILTRO ACEITE;FILTROS;J.D. 544K/310J;KG;ZPAN;1000089830;PICKEADO;4500130053;16/6/2026;16/6/2026;;8/7/2026;8/6/2026;F03;10151929
00372 UTE 372 GEO POSCO II;1002542;ZSTO;FILTRO ACEITE TRANSMISION JD;JOHN DEERE // JOHN DEERE;AT466863 // AT179323;U003;372;V1;1;2;F03;FILTRO ACEITE;FILTROS;JD;KG;ZPAN;1000090143;ADJUDICADO;4500130480;;;;12/7/2026;12/6/2026;F04;10152325
00372 UTE 372 GEO POSCO II;1002543;ZSTO;FILTRO AIRE X UN;JOHN DEERE;AT191102;U003;372;V1;2;3;F04;FILTRO AIRE;FILTROS;CABINA J.D. 544K;KG;ZPAN;1000090143;ADJUDICADO;4500130480;;;;12/7/2026;12/6/2026;F04;10152325
00372 UTE 372 GEO POSCO II;1002546;ZSTO;FILTRO HIDRAULICO;JOHN DEERE //;AT308274 // AT367840;U003;372;V1;1;2;F04;FILTRO AIRE;FILTROS;FILTROS;KG;ZPAN;1000090143;ADJUDICADO;4500130480;;;;12/7/2026;12/6/2026;F04;10152325
00372 UTE 372 GEO POSCO II;1002575;ZSTO;FILTRO COMBUSTIBLE XUN;JOHN DEERE;RE509031;U003;372;V1;2;2;F06;FILTRO COMBUSTIBLE;FILTROS;J.D. 544J;KG;ZPAN;1000090143;ADJUDICADO;4500130480;;;;12/7/2026;12/6/2026;F04;10152325
00372 UTE 372 GEO POSCO II;1002592;ZSTO;FILTRO ACEITE MOTOR XUN;KOMATSU HO // KOMATSU HO // DONALDSON;6736515142 // DBL7349 // P550909;U003;372;V1;2;2;F03;FILTRO ACEITE;FILTROS;FILTROS;KG;ZPAN;1000089830;EMBALADO;4500129783;11/6/2026;11/6/2026;;8/7/2026;8/6/2026;F03;10151929
00372 UTE 372 GEO POSCO II;1002738;ZSTO;Filtro Aceite Motor;FLEETGUARD // DONALDSON;LF3345 // P558616;U003;372;V1;2;4;F03;FILTRO ACEITE;FILTROS;ONAN 40DGCA;KG;ZPAN;1000090143;ADJUDICADO;4500130569;;;;12/7/2026;12/6/2026;F05;10152325
00372 UTE 372 GEO POSCO II;1002772;ZSTO;FILTRO COMBUSTIBLE XUN;JOHN DEERE;RE62419;U003;372;V1;2;2;F06;FILTRO COMBUSTIBLE;FILTROS;FILTROS;KG;ZPAN;1000089830;PICKEADO;4500130053;16/6/2026;16/6/2026;;8/7/2026;8/6/2026;F03;10151929
00372 UTE 372 GEO POSCO II;1002832;ZSTO;FILTRO COMBUSTIBLE;FLEETGUARD // // FLEETGUARD // DONALDSON // MANN;2RK127177A // DB0519 // FF5052 // P553004 // WK723;U003;372;V1;5;8;F06;FILTRO COMBUSTIBLE;FILTROS;VW 26260 - ONAN;KG;ZPAN;1000090143;ADJUDICADO;4500130569;;;;12/7/2026;12/6/2026;F05;10152325
00372 UTE 372 GEO POSCO II;1002907;ZSTO;FILTRO TRAMPA AGUA XUN;JOHN DEERE;AT365870;U003;372;V1;2;2;F13;FILTRO TRAMPA DE A;FILTROS;JD 644K, 544K;KG;ZPAN;1000090143;ADJUDICADO;4500130480;;;;12/7/2026;12/6/2026;F04;10152325
00372 UTE 372 GEO POSCO II;1002923;ZSTO;FILTRO COMBUSTIBLE;BOMAG GMBH // DONALDSON;5716779 // P554620;U003;372;V1;2;2;F06;FILTRO COMBUSTIBLE;FILTROS;BW24RH;KG;ZPAN;1000090268;ADJUDICADO;4500130569;;;;29/7/2026;15/6/2026;F05;10152461
00372 UTE 372 GEO POSCO II;1002925;ZSTO;FILTRO AIRE PRIMARIO;BOMAG GMBH // // DONALDSON // DONALDSON // BALDWIN;5821147 // C20500 // P778994 // P779894 // RS3992;U003;372;V1;2;2;F04;FILTRO AIRE;FILTROS;BW24RH;KG;ZPAN;1000090268;ADJUDICADO;4500130569;;;;29/7/2026;15/6/2026;F05;10152461
00372 UTE 372 GEO POSCO II;1002926;ZSTO;FILTRO AIRE SECUNDARIO;BOMAG GMBH // // DONALDSON // BALDWIN;5821148 // CF5001 // P780036 // RS3993;U003;372;V1;2;2;F04;FILTRO AIRE;FILTROS;BOMAG BW24 RH;KG;ZPAN;1000090268;ADJUDICADO;4500130569;;;;29/7/2026;15/6/2026;F05;10152461
00372 UTE 372 GEO POSCO II;1002994;ZSTO;PERKINS FILTRO ACEITE;HAULOTTE G // DONALDSON // PERKINS;2427003080 // P554407 // 2654407;U003;372;V1;4;7;F03;FILTRO ACEITE;FILTROS;HAULOTTE HTL 4014/4017/4010;KG;ZPAN;1000089830;EMBALADO;4500129783;11/6/2026;11/6/2026;;8/7/2026;8/6/2026;F03;10151929
00372 UTE 372 GEO POSCO II;1002996;ZSTO;FILTRO RESP DE TANQUE;HAULOTTE G;2505003370;U003;372;V1;2;3;F04;FILTRO AIRE;FILTROS;HAULOTTE HTL 4014/4017/4010;KG;ZPAN;1000089830;ADJUDICADO;4500129786;;;;8/7/2026;8/6/2026;F05;10151929
00372 UTE 372 GEO POSCO II;1002998;ZSTO;FILTRO COMBUSTIBLE;PERKINS // FLEETGUARD // DONALDSON // // MANN;4415122 // FF5788 // P502420 // P556245 // P917X;U003;372;V1;4;7;F06;FILTRO COMBUSTIBLE;FILTROS;HAULOTTE;KG;ZPAN;1000089830;EMBALADO;4500129783;11/6/2026;11/6/2026;;8/7/2026;8/6/2026;F03;10151929
00372 UTE 372 GEO POSCO II;1003001;ZSTO;FILTRO DE AIRE PRIMARIO;FLEETGUARD // FLEETGUARD // DONALDSON;2324005070 // AF25557 // P828889;U003;372;V1;4;7;F04;FILTRO AIRE;FILTROS;HAULOTTE HTL 4014/4017/4010;KG;ZPAN;1000089830;EMBALADO;4500129783;11/6/2026;11/6/2026;;8/7/2026;8/6/2026;F03;10151929
00372 UTE 372 GEO POSCO II;1003002;ZSTO;FILTRO DE AIRE SECUNDARIO;HAULOTTE G // DONALDSON;2326001910 // P829333;U003;372;V1;4;7;F04;FILTRO AIRE;FILTROS;HAULOTTE HTL 4014/4017/4010;KG;ZPAN;1000089830;EMBALADO;4500129783;11/6/2026;11/6/2026;;8/7/2026;8/6/2026;F03;10151929
00372 UTE 372 GEO POSCO II;1003020;ZSTO;FILTRO AIRE MOTOR;JOHN DEERE;AT332908;U003;372;V1;3;5;F04;FILTRO AIRE;FILTROS;JD 310K;KG;ZPAN;1000090143;ADJUDICADO;4500130480;;;;12/7/2026;12/6/2026;F04;10152325
00372 UTE 372 GEO POSCO II;1003021;ZSTO;FILTRO AIRE SEGURIDAD;JOHN DEERE;AT332909;U003;372;V1;3;5;F04;FILTRO AIRE;FILTROS;JD 310K;KG;ZPAN;1000090143;SIN TRATAMIENTO;;;;;12/7/2026;12/6/2026;;10152325
00372 UTE 372 GEO POSCO II;1003027;ZSTO;ELEMENTO FILTRO DE ACEITE;FLEETGUARD // BALDWIN // // // No aplica;LF16061 // B7362 // DBL7349 // LF3806 // P556615;U003;372;V1;4;7;F03;FILTRO ACEITE;FILTROS;ONAN C66D5;KG;ZPAN;1000089175;CUMPLIDO PARCIAL;4500129061;4/6/2026;4/6/2026;9/6/2026;28/6/2026;28/5/2026;F13;10151150
00372 UTE 372 GEO POSCO II;1003089;ZSTO;FILTRO DE CABINA;TOYOTA ARG;871390K080;U003;372;V1;5;10;F05;FILTRO AIRE CABINA;FILTROS;HILUX 2017;KG;ZPAN;1000089388;EMBALADO;4500129411;10/6/2026;10/6/2026;;1/7/2026;1/6/2026;F05;10151352
00372 UTE 372 GEO POSCO II;1003096;ZSTO;FILTRO DE AIRE TANQUE DE COMBUSTIBLE;VOLVO CONS // DONALDSON;21743197 // P954869;U003;372;V1;2;2;F06;FILTRO COMBUSTIBLE;FILTROS;VOLVO 330 // VOLVO FM460;KG;ZPAN;1000090268;SIN TRATAMIENTO;;;;;29/7/2026;15/6/2026;;10152461
00372 UTE 372 GEO POSCO II;1003106;ZSTO;FILTRO DE AIRE SECUNDARIO;FLEETGUARD // //;AF25911 // P500956 // SA18138;U003;372;V1;2;2;F04;FILTRO AIRE;FILTROS;C110D5;KG;ZPAN;1000090268;ADJUDICADO;4500130569;;;;29/7/2026;15/6/2026;F05;10152461
00372 UTE 372 GEO POSCO II;1003138;ZSTO;FILTRO DE COMBUSTIBLE;KOMATSU HO // KOMATSU HO;6003193750 // 6003113750;U003;372;V1;2;2;F06;FILTRO COMBUSTIBLE;FILTROS;KOMATSU PC 200-8;KG;ZPAN;1000090268;SIN TRATAMIENTO;;;;;29/7/2026;15/6/2026;;10152461
00372 UTE 372 GEO POSCO II;1003172;ZSTO;Filtro Aceite Motor;FLEETGUARD // DONALDSON // DONALDSON;LF16011 // P550335 // P551132;U003;372;V1;3;5;F03;FILTRO ACEITE;FILTROS;CAT 950;KG;ZPAN;1000089563;EMBALADO;4500129783;11/6/2026;11/6/2026;;3/7/2026;3/6/2026;F03;10151589
00372 UTE 372 GEO POSCO II;1003173;ZSTO;FILTRO DE AIRE PRIMARIO;CATERPILLA;3370790;U003;372;V1;4;73;F04;FILTRO AIRE;FILTROS;CAT 950;KG;ZPAN;1000089030;EMBALADO;4500129067;11/6/2026;11/6/2026;;26/6/2026;26/5/2026;F04;10150961
00372 UTE 372 GEO POSCO II;1003174;ZSTO;FILTRO DE AIRE SECUNDARIO;CATERPILLA //;3862097 // 5771433;U003;372;V1;4;7;F04;FILTRO AIRE;FILTROS;CAT 950;KG;ZPAN;1000089440;EMBALADO;4500129556;11/6/2026;11/6/2026;;2/7/2026;2/6/2026;F04;10151475
00372 UTE 372 GEO POSCO II;1003177;ZSTO;FILTRO TRAMPA DE AGUA;CATERPILLA;4238524;U003;372;V1;3;5;F13;FILTRO TRAMPA DE A;FILTROS;CAT 950;KG;ZPAN;1000089030;EMBALADO;4500129067;11/6/2026;11/6/2026;;26/6/2026;26/5/2026;F04;10150961
00372 UTE 372 GEO POSCO II;1003183;ZSTO;FILTRO DE ACEITE MOTOR;DBT S.A. // // FLEETGUARD // DONALDSON // // //;3035098 // LF3925 // LF3925 // P502067 // T 600 // W67/1 // W671;U003;372;V1;19;34;F03;FILTRO ACEITE;FILTROS;HIMOINSA LTA 8 V LED;KG;ZPAN;1000090306;SIN TRATAMIENTO;;;;;16/7/2026;16/6/2026;;10152500
00372 UTE 372 GEO POSCO II;1003211;ZSTO;FILTRO DE AIRE SECUNDARIO;DONALDSON;P613334;U003;372;V1;2;2;F04;FILTRO AIRE;FILTROS;ONAN C 150 D5 4;KG;ZPAN;1000090268;ADJUDICADO;4500130569;;;;29/7/2026;15/6/2026;F05;10152461
00372 UTE 372 GEO POSCO II;1003213;ZSTO;ELEMENTO FILTRO DE ACEITE;FLEETGUARD // DONALDSON //;LF9028 // DBL7349 // P558615;U003;372;V1;2;2;F03;FILTRO ACEITE;FILTROS;ONAN C 150 D5 4;KG;ZPAN;1000089951;ADJUDICADO;4500130569;;;;10/7/2026;10/6/2026;F05;10152121
00372 UTE 372 GEO POSCO II;1003219;ZSTO;FILTRO VENTILACION DE CARTER;CATERPILLA;2735711;U003;372;V1;2;3;F04;FILTRO AIRE;FILTROS;CAT 815 K;KG;ZPAN;1000089440;EMBALADO;4500129556;11/6/2026;11/6/2026;;2/7/2026;2/6/2026;F04;10151475
00372 UTE 372 GEO POSCO II;1003224;ZSTO;7ILTRO DE UREA A BOMBA;CNH // CNH;500055972 // 2997594;U003;372;V1;1;2;F09;FILTRO DE UREA;FILTROS;IVECO TRAKKER 410 T 44 EUROTRO;KG;ZPAN;1000087716;DESPACHADO;4500127014;9/5/2026;9/5/2026;12/5/2026;4/6/2026;4/5/2026;F09;10149103
00372 UTE 372 GEO POSCO II;1003243;ZSTO;FILTRO TRAMPA DE AGUA;JOHN DEERE;AT491450;U003;372;V1;2;2;F13;FILTRO TRAMPA DE A;FILTROS;JD 310 L;KG;ZPAN;1000090268;ADJUDICADO;4500130480;;;;29/7/2026;15/6/2026;F04;10152461
00372 UTE 372 GEO POSCO II;1003345;ZSTO;FILTRO DE AIRE;FLEETGUARD;AH8742;U003;372;V1;2;4;F04;FILTRO AIRE;FILTROS;KOMATSU;KG;ZPAN;1000090143;SIN TRATAMIENTO;;;;;12/7/2026;12/6/2026;;10152325
00372 UTE 372 GEO POSCO II;1003364;ZSTO;FILTRO AIRE SECUNDARIO;FLEETGUARD // DONALDSON // // DARMET // KOMATSU HO;AF26114 // P533781 // TR9988 // VP-2741 // 6001854120;U003;372;V1;2;2;F04;FILTRO AIRE;FILTROS;FLEETGUARD;KG;ZPAN;1000090268;ADJUDICADO;4500130569;;;;29/7/2026;15/6/2026;F05;10152461
00372 UTE 372 GEO POSCO II;1003365;ZSTO;FILTRO AIRE PRIMARIO;FLEETGUARD // DONALDSON // // KOMATSU HO;AF25667 // P532966 // VP2740 // 6001854110;U003;372;V1;2;2;F04;FILTRO AIRE;FILTROS;FLEETGUARD;KG;ZPAN;1000090268;ADJUDICADO;4500130569;;;;29/7/2026;15/6/2026;F05;10152461
00372 UTE 372 GEO POSCO II;1003953;ZSTO;BATERIA 12V 75AMP;MOURA;M30LD;U003;372;V1;1;3;C03;EQUIPOS;REPUESTOS;hilux 2017 en adelante;KG;ZPAN;1000089440;PICKEADO;4500129504;16/6/2026;16/6/2026;;2/7/2026;2/6/2026;C03;10151475
00372 UTE 372 GEO POSCO II;1004308;ZSTO;ACEITE HIDRAULICO X 20LT;BECHEM SUD;ATF;U003;372;V1;2;2;C29;FILTROS/RESPUESTOS;LUBRICANTES;LUBRICANTES;KG;ZPAN;1000088544;ADJUDICADO;4500128045;;;;30/6/2026;17/5/2026;C29;10150364
00372 UTE 372 GEO POSCO II;1015784;ZSSD;CINTA VULCANIZANTE;;;U003;372;V1;5;10;C27;FERRETERIA MR01;FERRETERIA;INSUMOS;KG;ZPAN;1000090306;SIN TRATAMIENTO;;;;;16/7/2026;16/6/2026;;10152500
00372 UTE 372 GEO POSCO II;1015810;ZSSD;LIMPIACONTACTO EN AEROSOL X UN;;;U003;372;V1;5;8;C27;FERRETERIA MR01;LIMPIEZA;LIMPIEZA /SEGURIDAD;KG;ZPAN;1000086037;ADJUDICADO;4500125123;;;;27/4/2026;6/4/2026;C27;10146940
00372 UTE 372 GEO POSCO II;1016479;ZSCD;PROTECTOR SOLAR (CREMA) FACT 60 X 120ML;;;U003;372;V1;70;110;C28;SEGURIDAD/ROPA/EPP;SEGURIDAD;INSUMO;KG;ZPAN;1000090519;SIN TRATAMIENTO;;;;;19/7/2026;19/6/2026;;10152840
00372 UTE 372 GEO POSCO II;1016919;ZSSD;LUBRICANTE MULTIUSO WD-40 440CC;;;U003;372;V1;9;17;C27;FERRETERIA MR01;FERRETERIA;ADHESIVOS/SELLADORES/LUBRICANT;KG;ZPAN;1000089830;ADJUDICADO;4500130698;;;;8/7/2026;8/6/2026;C27;10151929
00372 UTE 372 GEO POSCO II;1016922;ZSSD;CHOCLA 30MT;;;U003;372;V1;4;6;C27;FERRETERIA MR01;FERRETERIA;FERRETERIA;KG;ZPAN;1000090306;SIN TRATAMIENTO;;;;;16/7/2026;16/6/2026;;10152500
00372 UTE 372 GEO POSCO II;1016948;ZSSD;AEROSOL DESINFECTANTE ANTIBACT 360ML;;;U003;372;V1;5;10;C17;INSUMOS A;LIMPIEZA;LIMPIEZA /SEGURIDAD;KG;ZPAN;1000090519;SIN TRATAMIENTO;;;;;19/7/2026;19/6/2026;;10152840
00372 UTE 372 GEO POSCO II;1033986;ZSCD;DISCO LIJA GRANO 60 DE 4 1/2 - DOBLE A;;"C&#24;176GRADO36";U003;372;V1;41;83;C27;FERRETERIA MR01;FERRETERIA;INSUMOS;KG;ZPAN;1000090306;SIN TRATAMIENTO;;;;;16/7/2026;16/6/2026;;10152500
00372 UTE 372 GEO POSCO II;1034220;ZSTO;JUNTA LATERAL MOTOR 6 CILINDROS;;3284623;U003;372;V1;3;4;C03;EQUIPOS;REPUESTOS;CUMMINS 4;KG;ZPAN;1000087716;EMBALADO;4500127221;12/6/2026;12/6/2026;;4/6/2026;4/5/2026;C29;10149103
00372 UTE 372 GEO POSCO II;1034629;ZSTO;JUNTA TAPA PRINCIPAL;DBT S.A. //;3036097 // 119717-11331;U003;372;V1;3;4;C29;FILTROS/RESPUESTOS;REPUESTOS;HIMOINSA LTA 8 V LED;KG;ZPAN;1000073530;DESPACHADO;4500127078;9/6/2026;9/6/2026;11/6/2026;17/5/2026;6/9/2025;C29;10130402
00372 UTE 372 GEO POSCO II;1042016;ZSCD;CAMPERA ABRIGO ROJA T.S;;;U003;372;V1;4;6;C28;SEGURIDAD/ROPA/EPP;ROPA;INDUMENTARIA;KG;ZPAN;1000086475;ADJUDICADO;4500125591;;;;13/5/2026;13/4/2026;C28;10147492
00372 UTE 372 GEO POSCO II;1043413;ZSTO;FILTRO DE ACEITE DE MOTOR;;A 651 180 01 09;U003;372;V1;2;2;C03;EQUIPOS;REPUESTOS;MERCEDES BENZ;KG;ZPAN;1000090268;PICKEADO;4500130267;17/6/2026;17/6/2026;;29/7/2026;15/6/2026;C03;10152461
00372 UTE 372 GEO POSCO II;1043414;ZSTO;FILTRO DE COMBUSTIBLE;;A 651 090 30 52;U003;372;V1;2;2;C03;EQUIPOS;REPUESTOS;MERCEDES BENZ;KG;ZPAN;1000090268;PICKEADO;4500130267;17/6/2026;17/6/2026;;29/7/2026;15/6/2026;C03;10152461
00372 UTE 372 GEO POSCO II;1043415;ZSTO;FILTRO DE AIRE;;A 009 037 52 00;U003;372;V1;2;2;C03;EQUIPOS;REPUESTOS;MERCEDES BENZ;KG;ZPAN;1000090268;PICKEADO;4500130267;17/6/2026;17/6/2026;;29/7/2026;15/6/2026;C03;10152461
00372 UTE 372 GEO POSCO II;1043416;ZSTO;FILTRO DE HABITACULO;;A 906 830 02 18;U003;372;V1;2;2;C03;EQUIPOS;REPUESTOS;MERCEDES BENZ;KG;ZPAN;1000090268;PICKEADO;4500130267;17/6/2026;17/6/2026;;29/7/2026;15/6/2026;C03;10152461
00372 UTE 372 GEO POSCO II;1048116;ZSTO;EJE PARA CUÑA;;146.648;U003;372;RE;1;1;CGT;GC Geotextiles;REPUESTOS;?;KG;ZPAN;1000084579;ADJUDICADO;4500123299;;;;25/5/2026;11/3/2026;CGT;10145117
00377-YPF 3° loop;1000042;ZSTO;BOTIQUIN 1ROS. AUXILIOS N 6;;;MR01;377;V1;5;10;C28;SEGURIDAD/ROPA/EPP;SEGURIDAD;BOTIQUIN;KG;ZPAS;1000089827;DESPACHADO;;;10/6/2026;18/6/2026;29/6/2026;8/6/2026;;
00377-YPF 3° loop;1001686;ZSTO;ANTEOJO GRIS;LIBUS // 3M // MSA // STEELPRO;ECOLINEHC (MÚLT. 10U) // SECUREFIT SF202AF GRIS // MSA PERSPECTA SMOKE // STEELPRO SPY SMOKE;MR01;377;V1;180;350;C28;SEGURIDAD/ROPA/EPP;SEGURIDAD;ACCESORIO SEGURIDAD;KG;ZPAS;1000079495;CUMPLIDO PARCIAL;;;29/12/2025;5/1/2026;5/1/2026;12/12/2025;;
00377-YPF 3° loop;1001697;ZSTO;GUANTE VAQUETA MEDIO PASEO T.10;;MÚLT. 12U;MR01;377;V1;350;500;C28;SEGURIDAD/ROPA/EPP;SEGURIDAD;GUANTE;KG;ZPAS;1000089382;DESPACHADO;;;3/6/2026;9/6/2026;19/6/2026;1/6/2026;;
00377-YPF 3° loop;1001708;ZSTO;GUANTE POLIAMIDA LAMINADO PALMAPU-TALLE9;;MÚLT. 12U;MR01;377;V1;120;240;C28;SEGURIDAD/ROPA/EPP;SEGURIDAD;GUANTE;KG;ZPAS;1000089382;DESPACHADO;;;3/6/2026;9/6/2026;19/6/2026;1/6/2026;;
00377-YPF 3° loop;1001728;ZSTO;ADAPTADOR PROTECTOR FACIAL AUDITIVO;LIBUS // 3M // MSA // STEELPRO;902493 // ADAPTADOR VISOR PELTOR // ADAPTADOR VISOR PELTOR // UNIVERSAL STEELPRO;MR01;377;V1;20;40;C28;SEGURIDAD/ROPA/EPP;SEGURIDAD;ACCESORIO SEGURIDAD;KG;ZPAS;1000089559;DESPACHADO;;;4/6/2026;18/6/2026;24/6/2026;3/6/2026;;
00377-YPF 3° loop;1001777;ZSTO;ESLINGA SINTETICA 6MTS 4TN CERTIFICADA;;;MR01;377;V1;2;4;C27;FERRETERIA MR01;SEGURIDAD;SERVICIOS GENERALES;KG;ZPAS;1000089636;DESPACHADO PARCIAL;;;5/6/2026;9/6/2026;25/6/2026;4/6/2026;;
00377-YPF 3° loop;1001790;ZSTO;ACEITE 15W40  X 205L;YPF S.A. // EXXON MOBI // CATERPILLA // SHELL PLC. // VOLVO MAQU // YPF S.A.;EXTRAVIDA XV300 // DELVAC MX 15W40 APICI4 // DEO 15W40 // R4 15W40 APICI4 ACEAE5E7 // VDS3 // 189292;MR01;377;V1;3;6;L01;ACEITES;LUBRICANTES;ACEITES;KG;ZPAS;1000089827;DESPACHADO;;;10/6/2026;18/6/2026;29/6/2026;8/6/2026;;
00377-YPF 3° loop;1001804;ZSTO;GRASA LITIO LIMIT MO-2 (NEGRA) X 180 KG;YPF S.A. // // YPF S.A.;LIMIT MO-2 // GADUS S2 V220 // 628793;MR01;377;V1;1;2;L03;GRASAS;LUBRICANTES;GRASA;KG;ZPAS;1000089382;DESPACHADO;;;3/6/2026;9/6/2026;19/6/2026;1/6/2026;;
00377-YPF 3° loop;1001823;ZSTO;ACEITE F50 5W40 X 20 L;ELAION // ELAION // YPF S.A.;F50 5W40 // FS540 // 151792;MR01;377;V1;3;5;L01;ACEITES;LUBRICANTES;AMAROK-HILUX;KG;ZPAS;1000089434;DESPACHADO;;;3/6/2026;9/6/2026;23/6/2026;2/6/2026;;
00377-YPF 3° loop;1001851;ZSTO;MOUSE INALAMBRICO;;MARCA: LOGITECH/MICROSOFT;MR01;377;V1;5;10;C05;INFORMÁT.-HARDWARE;INFORMATICA;HARDWARE;KG;ZPAS;1000089382;DESPACHADO;;;3/6/2026;18/6/2026;19/6/2026;1/6/2026;;
00377-YPF 3° loop;1001861;ZSTO;TALONARIOREMITO R CUADRUPLICADOX25H.;;;MR01;377;V1;3;6;C17;INSUMOS A;LIBRERIA;TALONARIOS;KG;ZPAS;1000089827;DESPACHADO;;;10/6/2026;18/6/2026;29/6/2026;8/6/2026;;
00377-YPF 3° loop;1001871;ZSTO;RESMA DE HOJA A4 70GR. X UN;;;MR01;377;V1;25;48;C17;INSUMOS A;LIBRERIA;PAPEL;KG;ZPAS;1000089827;DESPACHADO;;;10/6/2026;18/6/2026;29/6/2026;8/6/2026;;
00377-YPF 3° loop;1001896;ZSTO;PULVERIZADOR P ALCOHOL LIQUIDO 500 ML;;;MR01;377;V1;10;20;C17;INSUMOS A;LIMPIEZA;DIFUSOR;KG;ZPAS;1000079637;CUMPLIDO PARCIAL;;;16/12/2025;16/1/2026;6/1/2026;15/12/2025;;
00377-YPF 3° loop;1001900;ZSTO;TRAPO DE PISO;;;MR01;377;V1;12;24;C17;INSUMOS A;LIMPIEZA;INSUMOS;KG;ZPAN;1000089828;DESPACHADO;4500129904;12/6/2026;12/6/2026;18/6/2026;8/7/2026;8/6/2026;C17;10151927
00377-YPF 3° loop;1001905;ZSTO;DESODORANTE AEROSOL X150ML;;;MR01;377;V1;24;48;C17;INSUMOS A;LIMPIEZA;INSUMOS;KG;ZPAN;1000089828;DESPACHADO;4500129911;16/6/2026;16/6/2026;18/6/2026;8/7/2026;8/6/2026;C17;10151927
00377-YPF 3° loop;1001951;ZSTO;CANDADO 50MM XUN;;;MR01;377;V1;15;30;C27;FERRETERIA MR01;FERRETERIA;ACCESORIOS;KG;ZPAS;1000089180;CUMPLIDO PARCIAL;;;28/5/2026;18/6/2026;17/6/2026;28/5/2026;;
00377-YPF 3° loop;1002070;ZSTO;CAMPERA DESCARNE T.XXL;;;MR01;377;V1;15;25;C28;SEGURIDAD/ROPA/EPP;SEGURIDAD;INDUMENTARIA;KG;ZPAS;1000089382;DESPACHADO;;;3/6/2026;9/6/2026;19/6/2026;1/6/2026;;
00377-YPF 3° loop;1002322;ZSTO;TUERCA X UN;CATERPILLA;2J3506;MR01;377;V1;30;60;G05;AJUSTE;DESGASTE;CAT 980H, 140K;KG;ZPAS;1000089723;DESPACHADO;;;8/6/2026;9/6/2026;26/6/2026;5/6/2026;;
00377-YPF 3° loop;1002514;ZSTO;FILTRO ACEITE;JOHN DEERE // JOHN DEERE;RE541420 // RE504836;MR01;377;V1;3;6;F03;FILTRO ACEITE;FILTROS;J.D. 544K/310J;KG;ZPAS;1000089827;DESPACHADO;;;10/6/2026;18/6/2026;29/6/2026;8/6/2026;;
00377-YPF 3° loop;1002532;ZSTO;FILTRO RESPIRADERO XUN;JOHN DEERE;AT223493;MR01;377;V1;2;4;F04;FILTRO AIRE;FILTROS;J.D.544K;KG;ZPAS;1000089827;DESPACHADO;;;10/6/2026;18/6/2026;29/6/2026;8/6/2026;;
00377-YPF 3° loop;1002838;ZSTO;FILTRO ACEITE;TOYOTA ARG // TOYOTA ARG;909152000300 // 90915YZZD2;MR01;377;V1;10;15;F03;FILTRO ACEITE;FILTROS;PARA HILUX;KG;ZPAS;1000089382;DESPACHADO;;;3/6/2026;9/6/2026;19/6/2026;1/6/2026;;
00377-YPF 3° loop;1003365;ZSTO;FILTRO AIRE PRIMARIO;FLEETGUARD // DONALDSON // // KOMATSU HO;AF25667 // P532966 // VP2740 // 6001854110;MR01;377;V1;2;3;F04;FILTRO AIRE;FILTROS;FLEETGUARD;KG;ZPAS;1000089382;DESPACHADO;;;3/6/2026;9/6/2026;19/6/2026;1/6/2026;;
00377-YPF 3° loop;1004014;ZSTO;LAMPARA 12V-H7 55W X UN;;PX26D;MR01;377;V1;10;15;C03;EQUIPOS;REPUESTOS;ELECTRICIDAD AUTOMOTOR;KG;ZPAS;1000089382;DESPACHADO;;;3/6/2026;9/6/2026;19/6/2026;1/6/2026;;
00377-YPF 3° loop;1004031;ZSTO;LAMPARA 24V-21 5W PATA PAREJ. X UN;;BA15D;MR01;377;V1;10;15;C29;FILTROS/RESPUESTOS;REPUESTOS;ELECTRICIDAD AUTOMOTOR;KG;ZPAS;1000089636;DESPACHADO;;;8/6/2026;9/6/2026;25/6/2026;4/6/2026;;
00377-YPF 3° loop;1004038;ZSTO;LAMPARA 24V-21W P PAREJA XUN;;BA15S;MR01;377;V1;10;15;C29;FILTROS/RESPUESTOS;REPUESTOS;ELECTRICIDAD AUTOMOTOR;KG;ZPAS;1000089559;DESPACHADO;;;4/6/2026;9/6/2026;24/6/2026;3/6/2026;;
00377-YPF 3° loop;1016225;ZSTO;TRABA UÑA BALDE - 56P;VOLVO MAQU;VOE17473105;MR01;377;V1;15;25;G05;AJUSTE;DESGASTE;EXCAVADORA VOLVO EC 480 D;KG;ZPAN;1000088900;ADJUDICADO;4500128463;;;;12/6/2026;22/5/2026;EFO;10150770
00377-YPF 3° loop;1016910;ZSSD;CINTA METRICA X10MT CON PASACINTO;;;MR01;377;V1;5;10;C27;FERRETERIA MR01;FERRETERIA;INSUMOS;KG;ZPAN;1000089828;ADJUDICADO;4500130579;;;;8/7/2026;8/6/2026;C27;10151927
00377-YPF 3° loop;1016911;ZSSD;CINTA METRICA X20MT;;;MR01;377;V1;5;10;C27;FERRETERIA MR01;FERRETERIA;INSUMOS;KG;ZPAN;1000089270;ADJUDICADO;4500129974;;;;29/6/2026;29/5/2026;C27;10151238
00377-YPF 3° loop;1016942;ZSSD;BIBLIORATO PVC A4 LOMO ANCHO;;;MR01;377;V1;20;40;C17;INSUMOS A;LIBRERIA;LIBRERIA;KG;ZPAN;1000089828;DESPACHADO;4500130018;16/6/2026;16/6/2026;18/6/2026;8/7/2026;8/6/2026;C17;10151927
00377-YPF 3° loop;1016988;ZSSD;CINTA METRICA 3MT;;;MR01;377;V1;5;10;C27;FERRETERIA MR01;FERRETERIA;INSUMOS;KG;ZPAN;1000089560;ADJUDICADO;4500129974;;;;3/7/2026;3/6/2026;C27;10151584
00377-YPF 3° loop;1017055;ZSSD;ZAPATILLA ELECTRICA 6 TOMAS C CABLE 3M;;DE 4 TOMAS;MR01;377;V1;4;8;C11;ELECTRICIDAD;ELECTRICIDAD;ACCESORIOS;KG;ZPAN;1000089725;SIN TRATAMIENTO;;;;;5/7/2026;5/6/2026;;10151800
00377-YPF 3° loop;1017974;ZSTO;LIMPIACONTACTOS AEROSOL X240ML;;440CC 350G DELTA;MR01;377;V1;5;10;C27;FERRETERIA MR01;INSUMOS;INFORMATICA;KG;ZPAS;1000089827;DESPACHADO;;;10/6/2026;18/6/2026;29/6/2026;8/6/2026;;
00377-YPF 3° loop;1022223;ZSTO;"ESCOBILLA HILUX 16"" L/2016+";TOYOTA ARG;85212-42130;MR01;377;V1;3;4;C03;EQUIPOS;REPUESTOS;AUTOMOTOR;KG;ZPAN;1000089384;DESPACHADO;4500129136;11/6/2026;11/6/2026;18/6/2026;1/7/2026;1/6/2026;C29;10151347
00377-YPF 3° loop;1022224;ZSTO;"ESCOBILLA HILUX 22"" L/2016+";TOYOTA ARG;85222-71010;MR01;377;V1;3;4;C03;EQUIPOS;REPUESTOS;AUTOMOTOR;KG;ZPAS;1000089382;DESPACHADO;;;4/6/2026;9/6/2026;19/6/2026;1/6/2026;;
00377-YPF 3° loop;1022444;ZSTO;CORREA POLI V;;20430614;MR01;377;V1;1;2;C03;EQUIPOS;CORREAS;?;KG;ZPAN;1000089384;ADJUDICADO;4500129199;;;;1/7/2026;1/6/2026;C03;10151347
00377-YPF 3° loop;1027021;ZSTO;Aceite Caja de Engranaje 85W90 GL-5;VOLVO MAQU;BALDE DE 20LTS;MR01;377;V1;1;2;C29;FILTROS/RESPUESTOS;LUBRICANTES;?;KG;ZPAS;1000089723;DESPACHADO;;;8/6/2026;9/6/2026;26/6/2026;5/6/2026;;
00377-YPF 3° loop;1042456;ZSTO;FILTRO ADMISION SECUNDARIO;MANN // DARMET;CF 300 // VP-1705/S;MR01;377;V1;2;3;C29;FILTROS/RESPUESTOS;FILTROS;"DOBLADORA DE TUBOS  EV 6-24""  VIETZ";KG;ZPAS;1000089382;DESPACHADO;;;3/6/2026;18/6/2026;19/6/2026;1/6/2026;;
00377-YPF 3° loop;1042460;ZSTO;CORREA MOTOR;;02235181HX;MR01;377;V1;1;2;C29;FILTROS/RESPUESTOS;CORREAS;"DOBLADORA DE TUBOS  EV 6-24""  VIETZ";KG;ZPAS;1000088137;PICKEADO PARCIAL;;;;;1/6/2026;11/5/2026;;
00377-YPF 3° loop;1017011;ZSSD;CUADERNO ESPIRAL RAY A4 T.SEMIDURA 80 HJ;;;MR01;377;V1;20;30;C17;INSUMOS A;LIBRERIA;PAPEL;KG;ZPAN;1000089828;DESPACHADO;4500130018;16/6/2026;16/6/2026;18/6/2026;8/7/2026;8/6/2026;C17;10151927
00377-YPF 3° loop;1001717;ZSTO;PROTECTOR FACIAL BURBUJA INCOLORO;LIBUS // 3M // MSA // STEELPRO //;901386 // VISOR WP96 + SOPORTE // MSA VISOR CLEAR // STEELPRO BURBUJA CLEAR // DEPASCALE-BILVEX 002121;MR01;377;V1;40;80;C28;SEGURIDAD/ROPA/EPP;SEGURIDAD;ACCESORIO SEGURIDAD;KG;ZPAS;1000089891;DESPACHADO;;;10/6/2026;18/6/2026;30/6/2026;9/6/2026;;
00377-YPF 3° loop;1001879;ZSTO;CINTA DE ENMASCARAR 24 MM XROLLO;;;MR01;377;V1;11;21;C17;INSUMOS A;LIBRERIA;CINTAS ADHESIVAS;KG;ZPAS;1000089891;DESPACHADO;;;10/6/2026;18/6/2026;30/6/2026;9/6/2026;;
00377-YPF 3° loop;1001963;ZSTO;CINTA AISLADORA VERDE X10MT;;;MR01;377;V1;10;20;C27;FERRETERIA MR01;FERRETERIA;INSUMOS;KG;ZPAS;1000089891;DESPACHADO;;;10/6/2026;18/6/2026;30/6/2026;9/6/2026;;
00377-YPF 3° loop;1001985;ZSTO;VIDRIOP CARETASOLDADOR50X105MMINCOLORO;;;MR01;377;V1;250;400;C27;FERRETERIA MR01;SOLDADURA;ACCESORIOS;KG;ZPAS;1000089891;DESPACHADO;;;10/6/2026;18/6/2026;30/6/2026;9/6/2026;;
00377-YPF 3° loop;1002592;ZSTO;FILTRO ACEITE MOTOR XUN;KOMATSU HO // KOMATSU HO // DONALDSON;6736515142 // DBL7349 // P550909;MR01;377;V1;2;3;F03;FILTRO ACEITE;FILTROS;FILTROS;KG;ZPAS;1000089891;DESPACHADO;;;10/6/2026;18/6/2026;30/6/2026;9/6/2026;;
00377-YPF 3° loop;1002750;ZSTO;FILTRO COMBUSTIBLE;KOMATSU HO // FLEETGUARD // // KOMATSU HO;6003193610 // FS1242 // P551864 // 6003113620;MR01;377;V1;2;3;F06;FILTRO COMBUSTIBLE;FILTROS;PC350LC8;KG;ZPAS;1000089891;DESPACHADO;;;10/6/2026;18/6/2026;30/6/2026;9/6/2026;;
00377-YPF 3° loop;1003138;ZSTO;FILTRO DE COMBUSTIBLE;KOMATSU HO // KOMATSU HO;6003193750 // 6003113750;MR01;377;V1;2;3;F06;FILTRO COMBUSTIBLE;FILTROS;KOMATSU PC 200-8;KG;ZPAS;1000089891;DESPACHADO;;;10/6/2026;18/6/2026;30/6/2026;9/6/2026;;
00377-YPF 3° loop;1003364;ZSTO;FILTRO AIRE SECUNDARIO;FLEETGUARD // DONALDSON // // DARMET // KOMATSU HO;AF26114 // P533781 // TR9988 // VP-2741 // 6001854120;MR01;377;V1;2;3;F04;FILTRO AIRE;FILTROS;FLEETGUARD;KG;ZPAS;1000089891;DESPACHADO;;;10/6/2026;18/6/2026;30/6/2026;9/6/2026;;
00377-YPF 3° loop;1015844;ZSSD;PILA ALCALINA AA –ENERGIZER X UN;;;MR01;377;V1;16;32;C27;FERRETERIA MR01;FERRETERIA;INSUMOS;KG;ZPAN;1000089893;ADJUDICADO;4500130579;;;;9/7/2026;9/6/2026;C27;10152057
00377-YPF 3° loop;1016998;ZSSD;BOLIGRAFO TRAZO GRUESO NEGRO;;MÚLT. 50U;MR01;377;V1;100;200;C17;INSUMOS A;LIBRERIA;ESCRITURA;KG;ZPAN;1000089893;DESPACHADO;4500130018;16/6/2026;16/6/2026;18/6/2026;9/7/2026;9/6/2026;C17;10152057
00377-YPF 3° loop;1016999;ZSSD;BOLIGRAFO TRAZO GRUESO AZUL;;MÚLT. 50U;MR01;377;V1;100;200;C17;INSUMOS A;LIBRERIA;LIBRERIA;KG;ZPAN;1000089893;ADJUDICADO;4500130018;;;;9/7/2026;9/6/2026;C17;10152057
00377-YPF 3° loop;1017037;ZSSD;MARCADOR P PIZARRA VERDE;;MÚLT. 10U;MR01;377;V1;20;30;C17;INSUMOS A;LIBRERIA;ESCRITURA;KG;ZPAN;1000089893;DESPACHADO;4500130015;17/6/2026;17/6/2026;18/6/2026;9/7/2026;9/6/2026;C17;10152057
00377-YPF 3° loop;1017220;ZSSD;REGLA PLASTICA 30 CM;;;MR01;377;V1;10;20;C17;INSUMOS A;LIBRERIA;ACCESORIOS;KG;ZPAN;1000089893;DESPACHADO;4500130015;17/6/2026;17/6/2026;18/6/2026;9/7/2026;9/6/2026;C17;10152057
00377-YPF 3° loop;1001682;ZSTO;MAMEL. 1°CAL. DESC. LAMIN.BLANCO 60GR.XL;;FABRICANTE:DUPONT | MODELO:TYVEK 500;MR01;377;V1;100;200;C28;SEGURIDAD/ROPA/EPP;SEGURIDAD;INDUMENTARIA;KG;ZPAS;1000089969;EMBALADO;;;11/6/2026;;1/7/2026;10/6/2026;;
00377-YPF 3° loop;1002485;ZSTO;FILTRO CABINA RECIRCULADO;JOHN DEERE;AT184590;MR01;377;V1;2;3;F05;FILTRO AIRE CABINA;FILTROS;FILTROS;KG;ZPAS;1000089969;DESPACHADO;;;11/6/2026;18/6/2026;1/7/2026;10/6/2026;;
00377-YPF 3° loop;1002642;ZSTO;FILTRO AIRE;MOTORCRAFT // //;RFA6B // C17308 // P619859;MR01;377;V1;3;6;F04;FILTRO AIRE;FILTROS;FILTROS;KG;ZPAS;1000089969;DESPACHADO;;;11/6/2026;18/6/2026;1/7/2026;10/6/2026;;
00377-YPF 3° loop;1002738;ZSTO;Filtro Aceite Motor;FLEETGUARD // DONALDSON;LF3345 // P558616;MR01;377;V1;3;6;F03;FILTRO ACEITE;FILTROS;ONAN 40DGCA;KG;ZPAS;1000089969;DESPACHADO;;;11/6/2026;18/6/2026;1/7/2026;10/6/2026;;
00377-YPF 3° loop;1002772;ZSTO;FILTRO COMBUSTIBLE XUN;JOHN DEERE;RE62419;MR01;377;V1;2;4;F06;FILTRO COMBUSTIBLE;FILTROS;FILTROS;KG;ZPAS;1000089969;DESPACHADO;;;11/6/2026;18/6/2026;1/7/2026;10/6/2026;;
00377-YPF 3° loop;1002815;ZSTO;FILTRO AIRE SECUNDARIO XUN;DARMET // // MANN // DONALDSON // DARMET // No aplica // LEVAS BOSC;V750S // AF1840 // CF1000 // P776695 // V-717/S // C1000 // 0986B03904;MR01;377;V1;3;6;F04;FILTRO AIRE;FILTROS;ONAN / MULLER;KG;ZPAS;1000089969;DESPACHADO;;;11/6/2026;18/6/2026;1/7/2026;10/6/2026;;
00377-YPF 3° loop;1002832;ZSTO;FILTRO COMBUSTIBLE;FLEETGUARD // // FLEETGUARD // DONALDSON // MANN;2RK127177A // DB0519 // FF5052 // P553004 // WK723;MR01;377;V1;3;6;F06;FILTRO COMBUSTIBLE;FILTROS;VW 26260 - ONAN;KG;ZPAS;1000089969;DESPACHADO;;;11/6/2026;18/6/2026;1/7/2026;10/6/2026;;
00377-YPF 3° loop;1003020;ZSTO;FILTRO AIRE MOTOR;JOHN DEERE;AT332908;MR01;377;V1;2;4;F04;FILTRO AIRE;FILTROS;JD 310K;KG;ZPAS;1000089969;DESPACHADO;;;11/6/2026;18/6/2026;1/7/2026;10/6/2026;;
00377-YPF 3° loop;1003021;ZSTO;FILTRO AIRE SEGURIDAD;JOHN DEERE;AT332909;MR01;377;V1;2;4;F04;FILTRO AIRE;FILTROS;JD 310K;KG;ZPAS;1000089969;DESPACHADO;;;11/6/2026;18/6/2026;1/7/2026;10/6/2026;;
00377-YPF 3° loop;1003093;ZSTO;FILTRO DE COMBUSTIBLE;VOLVO CONS // VOLVO CONS;P22480372 // VOE15126069;MR01;377;V1;4;6;F06;FILTRO COMBUSTIBLE;FILTROS;VOLVO FM460;KG;ZPAS;1000089969;DESPACHADO;;;11/6/2026;18/6/2026;1/7/2026;10/6/2026;;
00377-YPF 3° loop;1001902;ZSTO;PERFUMINA X 5 LTS;;;MR01;377;V1;5;10;C17;INSUMOS A;LIMPIEZA;INSUMOS;KG;ZPAN;1000089973;DESPACHADO;4500130134;17/6/2026;17/6/2026;18/6/2026;10/7/2026;10/6/2026;C17;10152141
00377-YPF 3° loop;1015852;ZSSD;PRECINTO PLASTICO AL-2 X 104MM X UN;;MÚLT. 100U;MR01;377;V1;4;8;C27;FERRETERIA MR01;FERRETERIA;INSUMOS;KG;ZPAN;1000089973;ADJUDICADO;4500130807;;;;10/7/2026;10/6/2026;C27;10152141
00377-YPF 3° loop;1017013;ZSSD;CORRECTOR LAPIZ 7MM;;;MR01;377;V1;20;30;C17;INSUMOS A;LIBRERIA;ACCESORIOS;KG;ZPAN;1000089973;DESPACHADO;4500130109;17/6/2026;17/6/2026;18/6/2026;10/7/2026;10/6/2026;C17;10152141
00377-YPF 3° loop;1001704;ZSTO;PROTECTORFACIALSOPORTEARNESCREMALLERA;LIBUS;901383;MR01;377;V1;20;40;C28;SEGURIDAD/ROPA/EPP;SEGURIDAD;ACCESORIO SEGURIDAD;KG;ZPAS;1000090044;DESPACHADO;;;12/6/2026;18/6/2026;2/7/2026;11/6/2026;;
00377-YPF 3° loop;1001819;ZSTO;REFRIGERANTE VOLVO VCS X20LT;VOLVO CONS // VOLVO CONS // // // VOLVO CONS;VCS // 24078856 // 11715729 // 22567335 // 54486166;MR01;377;V1;1;2;L02;FLUIDOS;LUBRICANTES;VOLVO EC 480D - PL 3005D;KG;ZPAS;1000090044;DESPACHADO;;;12/6/2026;18/6/2026;2/7/2026;11/6/2026;;
00377-YPF 3° loop;1002544;ZSTO;FILTRO TRAMPA AGUA;PARKER RAC // PARKER RAC;2R000127177J // R120LJ10MAQII;MR01;377;V1;5;10;F13;FILTRO TRAMPA DE A;FILTROS;VW31-3;KG;ZPAS;1000090044;DESPACHADO;;;12/6/2026;18/6/2026;2/7/2026;11/6/2026;;
00377-YPF 3° loop;1002566;ZSTO;FILTRO LINEA COMBUSTIBLE;FLEETGUARD // FLEETGUARD // FLEETGUARD // DONALDSON // // FLEETGUARD;FF5079 // FF5006 // FS5288 // P550090 // P550974 // 4080720;MR01;377;V1;3;6;F07;FILTRO FLUIDO HIDR;FILTROS;FILTROS;KG;ZPAS;1000090044;DESPACHADO;;;12/6/2026;18/6/2026;2/7/2026;11/6/2026;;
00377-YPF 3° loop;1002931;ZSTO;FILTRO ACEITE;VOLVO CONS // VOLVO MAQU // FLEETGUARD // VOLVO CONS // VOLVO CONS;P21707133 // 17533660 // LF667 // VOE478736 // 23658092;MR01;377;V1;8;12;F03;FILTRO ACEITE;FILTROS;VOLVO 330 // VOLVO L260H;KG;ZPAS;1000090044;DESPACHADO;;;12/6/2026;18/6/2026;2/7/2026;11/6/2026;;
00377-YPF 3° loop;1002936;ZSTO;FILTRO AIRE CABINA;VOLVO CONS // No aplica;VOE11703979 // 150522786;MR01;377;V1;4;6;F05;FILTRO AIRE CABINA;FILTROS;VOLVO EC 480D;KG;ZPAS;1000090044;DESPACHADO;;;12/6/2026;18/6/2026;2/7/2026;11/6/2026;;
00377-YPF 3° loop;1003026;ZSTO;FILTRO SEPARADOR DE AGUA;FLEETGUARD // FLEETGUARD // DONALDSON;FS19652 // FS1280 // P551329;MR01;377;V1;3;6;F13;FILTRO TRAMPA DE A;FILTROS;ONAN C66D5;KG;ZPAS;1000090044;DESPACHADO;;;12/6/2026;18/6/2026;2/7/2026;11/6/2026;;
00377-YPF 3° loop;1003054;ZSTO;FILTRO VENTILACION TANQUE HID.;VOLVO CONS;14596399;MR01;377;V1;1;2;F04;FILTRO AIRE;FILTROS;PIPELAYER PL 3005D VOLVO;KG;ZPAS;1000090044;DESPACHADO;;;12/6/2026;18/6/2026;2/7/2026;11/6/2026;;
00377-YPF 3° loop;1003096;ZSTO;FILTRO DE AIRE TANQUE DE COMBUSTIBLE;VOLVO CONS // DONALDSON;21743197 // P954869;MR01;377;V1;4;8;F06;FILTRO COMBUSTIBLE;FILTROS;VOLVO 330 // VOLVO FM460;KG;ZPAS;1000090044;DESPACHADO;;;12/6/2026;18/6/2026;2/7/2026;11/6/2026;;
00377-YPF 3° loop;1003125;ZSTO;FILTRO SECADOR DE AIRE;VOLVO CONS;21620181;MR01;377;V1;2;3;F11;FILTRO SECADOR DE;FILTROS;VOLVO 330;KG;ZPAS;1000090044;DESPACHADO;;;12/6/2026;18/6/2026;2/7/2026;11/6/2026;;
00377-YPF 3° loop;1003142;ZSTO;FILTRO HIDRAULICO;VOLVO CONS;VOE14688861;MR01;377;V1;1;2;F07;FILTRO FLUIDO HIDR;FILTROS;VOLVO EC300D;KG;ZPAS;1000090044;DESPACHADO;;;12/6/2026;18/6/2026;2/7/2026;11/6/2026;;
00377-YPF 3° loop;1003171;ZSTO;FILTRO DE AIRE SECUNDARIO;FLEETGUARD // FILPLUS;AF26086 // MSA26086;MR01;377;V1;3;6;F04;FILTRO AIRE;FILTROS;FILTRO AIRE;KG;ZPAS;1000090044;DESPACHADO;;;12/6/2026;18/6/2026;2/7/2026;11/6/2026;;
00377-YPF 3° loop;1003172;ZSTO;Filtro Aceite Motor;FLEETGUARD // DONALDSON // DONALDSON;LF16011 // P550335 // P551132;MR01;377;V1;3;6;F03;FILTRO ACEITE;FILTROS;CAT 950;KG;ZPAS;1000090044;DESPACHADO;;;12/6/2026;18/6/2026;2/7/2026;11/6/2026;;
00377-YPF 3° loop;1003213;ZSTO;ELEMENTO FILTRO DE ACEITE;FLEETGUARD // DONALDSON //;LF9028 // DBL7349 // P558615;MR01;377;V1;2;4;F03;FILTRO ACEITE;FILTROS;ONAN C 150 D5 4;KG;ZPAS;1000090044;DESPACHADO PARCIAL;;;12/6/2026;18/6/2026;2/7/2026;11/6/2026;;
00377-YPF 3° loop;1003241;ZSTO;MANN CF1651;MANN //;CF1651 // P750003;MR01;377;V1;2;3;F14;GENERICOS FILTROS;FILTROS;VOLVO 330;KG;ZPAS;1000090044;DESPACHADO;;;12/6/2026;18/6/2026;2/7/2026;11/6/2026;;
00377-YPF 3° loop;1004020;ZSTO;LAMPARA 12V-H4 P43T X UN;;P43T38;MR01;377;V1;10;15;C29;FILTROS/RESPUESTOS;REPUESTOS;ELECTRICIDAD AUTOMOTOR;KG;ZPAS;1000090044;DESPACHADO;;;12/6/2026;18/6/2026;2/7/2026;11/6/2026;;
00377-YPF 3° loop;1016302;ZSTO;FILTRO DE COMBUSTIBLE;MANN;WF10256;MR01;377;V1;2;4;F06;FILTRO COMBUSTIBLE;FILTROS;CAT 950L;KG;ZPAS;1000090044;DESPACHADO;;;12/6/2026;18/6/2026;2/7/2026;11/6/2026;;
00377-YPF 3° loop;1027017;ZSTO;Filtro Servohidraulico;VOLVO MAQU;14688862;MR01;377;V1;2;3;C29;FILTROS/RESPUESTOS;FILTROS;?;KG;ZPAS;1000090044;DESPACHADO;;;12/6/2026;18/6/2026;2/7/2026;11/6/2026;;
00377-YPF 3° loop;1027018;ZSTO;Filtro Secundario Admision;VOLVO MAQU;17500258;MR01;377;V1;2;3;C29;FILTROS/RESPUESTOS;FILTROS;?;KG;ZPAS;1000090044;DESPACHADO;;;12/6/2026;18/6/2026;2/7/2026;11/6/2026;;
00377-YPF 3° loop;1027019;ZSTO;Filtro Primario Admision;VOLVO MAQU;17500256;MR01;377;V1;2;3;C29;FILTROS/RESPUESTOS;FILTROS;?;KG;ZPAS;1000090044;DESPACHADO;;;12/6/2026;18/6/2026;2/7/2026;11/6/2026;;
00377-YPF 3° loop;1027023;ZSTO;Correa Motor;VOLVO MAQU //;21620133 // VOE55204161;MR01;377;V1;1;2;C29;FILTROS/RESPUESTOS;CORREAS;?;KG;ZPAS;1000090044;DESPACHADO;;;12/6/2026;18/6/2026;2/7/2026;11/6/2026;;
00377-YPF 3° loop;1027024;ZSTO;Correa Compresor;VOLVO MAQU;14881276;MR01;377;V1;1;2;C29;FILTROS/RESPUESTOS;CORREAS;?;KG;ZPAS;1000090044;DESPACHADO;;;12/6/2026;18/6/2026;2/7/2026;11/6/2026;;
00377-YPF 3° loop;1001827;ZSTO;CUBIERTA 12.00 R20 FG85 (lineal);PIRELLI NE // GOOD YEAR // MICHELIN A;FG85 // G686MSS // XZY3;MR01;377;V1;2;4;C48;CUBIERTAS CAMIONES;CUBIERTAS;IVECO TRAKKER;KG;ZPAS;1000090125;DESPACHADO;;;16/6/2026;18/6/2026;3/7/2026;12/6/2026;;
00377-YPF 3° loop;1001950;ZSTO;CANDADO 38-40MM XUN;;;MR01;377;V1;15;30;C27;FERRETERIA MR01;FERRETERIA;ACCESORIOS;KG;ZPAS;1000090125;DESPACHADO;;;16/6/2026;18/6/2026;3/7/2026;12/6/2026;;
00377-YPF 3° loop;1003060;ZSTO;FILTRO ACEITE;VOLKSWAGEN // VOLKSWAGEN;03L115562 // L3L115562;MR01;377;V1;2;3;F03;FILTRO ACEITE;FILTROS;VW AMAROK;KG;ZPAS;1000090288;DESPACHADO;;;16/6/2026;18/6/2026;23/6/2026;16/6/2026;;
00377-YPF 3° loop;1003061;ZSTO;FILTRO AIRE;VOLKSWAGEN;2H0129620A;MR01;377;V1;2;3;F04;FILTRO AIRE;FILTROS;VW AMAROK;KG;ZPAS;1000090288;SIN TRATAMIENTO;;;;;23/6/2026;16/6/2026;;
00377-YPF 3° loop;1001788;ZSTO;ACEITE SAE  10W X 205L;YPF S.A. // YPF S.A.;10W // 151592;MR01;377;V1;1;2;L01;ACEITES;LUBRICANTES;ACEITES;KG;ZPAS;1000090298;PICKEADO;;;18/6/2026;;7/7/2026;16/6/2026;;
00377-YPF 3° loop;1002709;ZSTO;CARTUCHO PARA FILTRO AIRE;VOLKSWAGEN // // // MONZA // FLEETGUARD;2S0129620CA // AB3406 // CA5626 // FLI9141 // AF26211;MR01;377;V1;4;8;F01;CARTUCHO;FILTROS;WV;KG;ZPAS;1000090298;PICKEADO;;;18/6/2026;;7/7/2026;16/6/2026;;
00377-YPF 3° loop;1003062;ZSTO;FILTRO COMBUSTIBLE VW AMAROK;VOLKSWAGEN // VOLKSWAGEN;2H0127401D // 2HO127401G;MR01;377;V1;2;3;F06;FILTRO COMBUSTIBLE;FILTROS;VW AMAROK;KG;ZPAS;1000090298;PICKEADO PARCIAL;;;;;7/7/2026;16/6/2026;;
00377-YPF 3° loop;1003063;ZSTO;FILTRO HABITACULO;VOLKSWAGEN // // //;7H0819631A // 7E0819631 // CB0575 // 7EO-819-631;MR01;377;V1;2;3;F05;FILTRO AIRE CABINA;FILTROS;VW AMAROK;KG;ZPAS;1000090298;PICKEADO PARCIAL;;;;;7/7/2026;16/6/2026;;
00377-YPF 3° loop;1003087;ZSTO;FILTRO COMBUSTIBLE;TOYOTA ARG //;233900L07000 // 233900L100;MR01;377;V1;7;14;F06;FILTRO COMBUSTIBLE;FILTROS;HILUX 2017;KG;ZPAS;1000090298;PICKEADO PARCIAL;;;18/6/2026;;7/7/2026;16/6/2026;;
00377-YPF 3° loop;1003088;ZSTO;FILTRO AIRE;TOYOTA ARG // TOYOTA ARG;178010L04000 // 178010E030;MR01;377;V1;7;14;F04;FILTRO AIRE;FILTROS;HILUX 2017;KG;ZPAS;1000090298;PICKEADO;;;18/6/2026;;7/7/2026;16/6/2026;;
00377-YPF 3° loop;1003089;ZSTO;FILTRO DE CABINA;TOYOTA ARG;871390K080;MR01;377;V1;7;14;F05;FILTRO AIRE CABINA;FILTROS;HILUX 2017;KG;ZPAS;1000090298;PICKEADO;;;18/6/2026;;7/7/2026;16/6/2026;;
00377-YPF 3° loop;1003102;ZSTO;FILTRO DE COMBUSTIBLE;VOLKSWAGEN // HENGST // VOLKSWAGEN;2V5201512 // E422KP D98 // FF 5629;MR01;377;V1;4;6;F06;FILTRO COMBUSTIBLE;FILTROS;FILTROS;KG;ZPAS;1000090298;PICKEADO;;;18/6/2026;;7/7/2026;16/6/2026;;
00377-YPF 3° loop;1003103;ZSTO;FILTRO ACEITE MOTOR;MANN // HENGST // MANN // DONALDSON // PARKER;07W115436 // E161H01 D28 // HU947/2 2X // P550451 // REL-814;MR01;377;V1;2;3;F03;FILTRO ACEITE;FILTROS;FILTROS;KG;ZPAS;1000090298;PICKEADO;;;18/6/2026;;7/7/2026;16/6/2026;;
00377-YPF 3° loop;1004022;ZSTO;LAMPARA 12V-21 5W X UN;;PATADESPBAY15D;MR01;377;V1;10;15;C03;EQUIPOS;REPUESTOS;ELECTRICIDAD AUTOMOTOR;KG;ZPAS;1000090298;PICKEADO;;;18/6/2026;;7/7/2026;16/6/2026;;
00377-YPF 3° loop;1026342;ZSTO;FILTRO BOMBA DE COMBUSTIBLE;TOYOTA ARG;23390-0E011;MR01;377;V1;3;4;F06;FILTRO COMBUSTIBLE;FILTROS;?;KG;ZPAS;1000090298;SIN TRATAMIENTO;;;;;7/7/2026;16/6/2026;;
00377-YPF 3° loop;1013679;ZSSD;MAMELUCO IGNIFUGO T.M C/LOGO;;;MR01;377;V1;10;20;C28;SEGURIDAD/ROPA/EPP;SEGURIDAD;ROPA;KG;ZPAN;1000090300;ADJUDICADO;4500130646;;;;16/7/2026;16/6/2026;C28;10152494
00377-YPF 3° loop;1013687;ZSSD;CAMPERA ABRIGO IGNIFUGA  C/LOGO T. XL;No aplica;CON REFLECTIVO T.XL-;MR01;377;V1;5;10;C28;SEGURIDAD/ROPA/EPP;ROPA;INDUMENTARIA;KG;ZPAN;1000090300;ADJUDICADO;4500130634;;;;16/7/2026;16/6/2026;C28;10152494
00377-YPF 3° loop;1001880;ZSTO;MARCADOR INDUSTRIAL - AZUL UNIPAINT X UN;UNIPAINT;MÚLT. 10U;MR01;377;V1;25;48;C17;INSUMOS A;LIBRERIA;ESCRITURA;KG;ZPAS;1000090396;PICKEADO PARCIAL;;;;;8/7/2026;17/6/2026;;
00377-YPF 3° loop;1003139;ZSTO;FILTRO HIDRAULICO;KOMATSU HO;2076071183;MR01;377;V1;1;2;F07;FILTRO FLUIDO HIDR;FILTROS;KOMATSU PC 200-8;KG;ZPAS;1000090396;PICKEADO;;;18/6/2026;;8/7/2026;17/6/2026;;
00377-YPF 3° loop;1003140;ZSTO;FILTRO DE LINEA DE M;KOMATSU HO // No aplica // No aplica;20Y9701820 // 1,62071E+12 // 1620706311046;MR01;377;V1;1;2;F07;FILTRO FLUIDO HIDR;FILTROS;KOMATSU PC 200-8;KG;ZPAS;1000090396;PICKEADO;;;18/6/2026;;8/7/2026;17/6/2026;;
00377-YPF 3° loop;1003225;ZSTO;FILTRO ACEITE MOTOR CARTUCHO;CNH // //;500086331 // 500091645 // 500058320;MR01;377;V1;1;2;F03;FILTRO ACEITE;FILTROS;IVECO TRAKKER 410 T 44 EUROTRO;KG;ZPAS;1000090396;PICKEADO;;;18/6/2026;;8/7/2026;17/6/2026;;
00377-YPF 3° loop;1003563;ZSTO;CORREA A A;CNH;504129824;MR01;377;V1;1;2;C29;FILTROS/RESPUESTOS;REPUESTOS;TRAKKER 380 Y 420 Y STRALIS;KG;ZPAS;1000090396;PICKEADO;;;18/6/2026;;8/7/2026;17/6/2026;;
00377-YPF 3° loop;1026078;ZSTO;LAMPARA 12V-H11 55W X UN;;12V-H11 55W-PHILIPS-OSRAM;MR01;377;V1;10;15;C03;EQUIPOS;REPUESTOS;LAMPARAS;KG;ZPAS;1000090396;PICKEADO;;;18/6/2026;;8/7/2026;17/6/2026;;
00377-YPF 3° loop;1001830;ZSTO;CUBIERTA 295 80 R22.5;GOOD YEAR // PIRELLI NE // // GOOD YEAR // FIRESTONE;G686 MSS PLUS GOODYEAR // ARMOR MAX MSS 152K // FG01 // G386 MSS // G686 MSS PLUS // T822;MR01;377;V1;1;2;C48;CUBIERTAS CAMIONES;CUBIERTAS;STRALIS // VW 31-320;KG;ZPAS;1000090453;PICKEADO;;;19/6/2026;;10/7/2026;18/6/2026;;
00377-YPF 3° loop;1001865;ZSTO;MARCADORINDUSTRIAL-VERDEXUN;UNIPAINT;MÚLT. 10U;MR01;377;V1;25;48;C17;INSUMOS A;LIBRERIA;ESCRITURA;KG;ZPAS;1000090453;PICKEADO;;;19/6/2026;;10/7/2026;18/6/2026;;
00377-YPF 3° loop;1001866;ZSTO;MARCADOR INDUSTRIAL-NEGROXUN;UNIPAINT;MÚLT. 10U;MR01;377;V1;25;48;C17;INSUMOS A;LIBRERIA;ESCRITURA;KG;ZPAS;1000090453;PICKEADO;;;19/6/2026;;10/7/2026;18/6/2026;;
00377-YPF 3° loop;1001881;ZSTO;MARCADOR INDUSTRIAL - ROJO UNIPAINT X UN;UNIPAINT;MÚLT. 10U;MR01;377;V1;25;48;C17;INSUMOS A;LIBRERIA;ESCRITURA;KG;ZPAS;1000090453;PICKEADO PARCIAL;;;;;10/7/2026;18/6/2026;;
00377-YPF 3° loop;1002304;ZSTO;"TORNILLO PUNTERA 7/8"" X 3.1/2"" X UN";KOMATSU HO;1757111463;MR01;377;V1;14;28;G05;AJUSTE;DESGASTE;KMS 155AX6;KG;ZPAS;1000090453;PICKEADO;;;19/6/2026;;10/7/2026;18/6/2026;;
00377-YPF 3° loop;1002385;ZSTO;UNA;HENSLEY // KOMATSU HO // KOMATSU HO;KH20S // IKA20LN // KH20EX // KH20HS // KH20SDX;MR01;377;V1;10;16;G04;UÑAS;DESGASTE;PC130-8 OM;KG;ZPAS;1000090453;PICKEADO;;;19/6/2026;;10/7/2026;18/6/2026;;
00377-YPF 3° loop;1002524;ZSTO;FILTRO ACEITE MOTOR;MANN // // BALDWIN // FLEETGUARD;W962 // 0986B01027 // B236 // LF4054;MR01;377;V1;2;4;F03;FILTRO ACEITE;FILTROS;FILTROS;KG;ZPAS;1000090453;PICKEADO;;;19/6/2026;;10/7/2026;18/6/2026;;
00377-YPF 3° loop;1002713;ZSTO;FILTRO AIRE ANTERIOR;CNH INDUST // // CNH INDUST;2992261 // Z8250 // 5803208328;MR01;377;V1;2;3;F04;FILTRO AIRE;FILTROS;VOLVO 330;KG;ZPAS;1000090453;PICKEADO;;;19/6/2026;;10/7/2026;18/6/2026;;
00377-YPF 3° loop;1002837;ZSTO;FILTRO COMBUSTIBLE;TOYOTA ARG // TOYOTA ARG;233900L04100 // 233920L0100;MR01;377;V1;6;12;F06;FILTRO COMBUSTIBLE;FILTROS;PARA HILUX 3.00;KG;ZPAS;1000090453;PICKEADO;;;19/6/2026;;10/7/2026;18/6/2026;;
00377-YPF 3° loop;1002951;ZSTO;FILTRO DE COMBUSTIBLE ALTERNATIVO;DONALDSON // FLEETGUARD // DONALDSON;P550345 // FF5040 // P555095;MR01;377;V1;3;5;F06;FILTRO COMBUSTIBLE;FILTROS;TORRE WACKER;KG;ZPAS;1000090453;PICKEADO;;;19/6/2026;;10/7/2026;18/6/2026;;
00377-YPF 3° loop;1002954;ZSTO;FILTRO ACEITE ORIGINAL;KOHLER;WAN5000155736;MR01;377;V1;3;5;F03;FILTRO ACEITE;FILTROS;TORRE WACKER;KG;ZPAS;1000090453;PICKEADO;;;19/6/2026;;10/7/2026;18/6/2026;;
00377-YPF 3° loop;1003864;ZSTO;CORREA VENTILADOR xUN (jgox3);CATERPILLA;3196293;MR01;377;V1;1;2;C29;FILTROS/RESPUESTOS;REPUESTOS;CAT 140K;KG;ZPAS;1000090453;PICKEADO;;;19/6/2026;;10/7/2026;18/6/2026;;
00377-YPF 3° loop;1016164;ZSTO;FILTRO DE BOMBA SERVO-SISTEMA;VOLVO MAQU;14750655;MR01;377;V1;2;4;F07;FILTRO FLUIDO HIDR;FILTROS;VOLVO EC 480D;KG;ZPAS;1000090453;PICKEADO;;;19/6/2026;;10/7/2026;18/6/2026;;
00377-YPF 3° loop;1028056;ZSTO;Filtro Combustible;;47139S;MR01;377;V1;4;6;C03;EQUIPOS;FILTROS;VACUVIETZ 12D;KG;ZPAS;1000090453;PICKEADO;;;19/6/2026;;10/7/2026;18/6/2026;;
00377-YPF 3° loop;1028190;ZSTO;Filtro Admision Primario;DONALDSON;2165054 // P771508;MR01;377;V1;3;6;C29;FILTROS/RESPUESTOS;FILTROS;PAYWELDER HG160 WAPN WINCOO;KG;ZPAS;1000090453;PICKEADO;;;19/6/2026;;10/7/2026;18/6/2026;;
00377-YPF 3° loop;1013681;ZSSD;MAMELUCO IGNIFUGO T.XL C/LOGO;;;MR01;377;V1;10;20;C28;SEGURIDAD/ROPA/EPP;SEGURIDAD;ROPA;KG;ZPAN;1000090454;ADJUDICADO;4500130765;;;;18/7/2026;18/6/2026;C28;10152724
00377-YPF 3° loop;1001719;ZSTO;BALIZA DESTELLANTE AUTONOMA CONO 1000HS;;;MR01;377;V1;20;40;C28;SEGURIDAD/ROPA/EPP;SEGURIDAD;SEÑALIZACION;KG;ZPAS;1000090538;PICKEADO PARCIAL;;;;;13/7/2026;19/6/2026;;
00377-YPF 3° loop;1001853;ZSTO;PENDRIVE 32 GB;;MARCA: SANDISK,KINGSTON,LEXAR;MR01;377;V1;5;10;C05;INFORMÁT.-HARDWARE;INFORMATICA;HARDWARE;KG;ZPAS;1000090538;PICKEADO PARCIAL;;;;;13/7/2026;19/6/2026;;
00377-YPF 3° loop;1013683;ZSSD;MAMELUCO IGNIFUGO T.XXXL C/LOGO;;;MR01;377;V1;7;14;C28;SEGURIDAD/ROPA/EPP;SEGURIDAD;ROPA;KG;ZPAN;1000090540;SIN TRATAMIENTO;;;;;19/7/2026;19/6/2026;;10152859
00374 TERMINAL PUNTA COLORADA;1041725;ZSTO;"CUCHILLA (7′ X 8″ X 5/8″) X 15 Aguj 5/8""";;5D9561 / T71979 (BORO);MR01;374;V1;20;40;G01;CUCHILLAS;EQUIPOS;DESGASTE;KG;ZPAN;1000076029;CUMPLIDO PARCIAL;4500113010;17/6/2026;23/1/2026;;30/6/2026;17/10/2025;G01;10133598
00374 TERMINAL PUNTA COLORADA;1003669;ZSTO;PIN PIN STOP;DAEMO ENGI;B23510153;MR01;374;V1;4;4;C29;FILTROS/RESPUESTOS;REPUESTOS;DAEMO;KG;ZPAN;1000086369;PICKEADO;4500125122;17/6/2026;17/6/2026;;30/6/2026;10/4/2026;C29;10147353
00374 TERMINAL PUNTA COLORADA;1027673;ZSTO;KIT CORREA Y TENSOR VM;VOLVO TRUC;20002070 (20430614+21549016+21574656);MR01;374;V1;2;3;C03;EQUIPOS;CORREAS;?;KG;ZPAS;1000087721;PICKEADO PARCIAL;;;;;22/5/2026;4/5/2026;;
00374 TERMINAL PUNTA COLORADA;1035198;ZSTO;CORREA POLY V;;0412021760;MR01;374;V1;2;3;C03;EQUIPOS;CORREAS;?;KG;ZPAN;1000087724;DESPACHADO;4500127244;22/5/2026;22/5/2026;29/5/2026;22/5/2026;4/5/2026;C03;10149107
00374 TERMINAL PUNTA COLORADA;1002056;ZSTO;CAMPERA ABRIGO T. S ROJA CON LOGO;No aplica;CON REFLECTIVO T. S;MR01;374;V1;10;20;C28;SEGURIDAD/ROPA/EPP;ROPA;INDUMENTARIA;KG;ZPAS;1000087925;CUMPLIDO PARCIAL;;;8/5/2026;;28/5/2026;7/5/2026;;
00374 TERMINAL PUNTA COLORADA;1041940;ZSCD;MAMELUCO GRAFA AZUL C/LOGO Y REFL. T.XXL;;;MR01;374;CL;5;10;C28;SEGURIDAD/ROPA/EPP;INDUMENTARIA;EPP;KG;ZPAN;1000088271;PICKEADO;4500127891;22/6/2026;22/6/2026;;26/6/2026;13/5/2026;374;10150046
00374 TERMINAL PUNTA COLORADA;1002067;ZSTO;PANTALON PRIMERA PIEL T.XL;;;MR01;374;V1;15;30;C28;SEGURIDAD/ROPA/EPP;SEGURIDAD;INDUMENTARIA;KG;ZPAS;1000088592;CUMPLIDO PARCIAL;;;21/5/2026;21/5/2026;8/6/2026;18/5/2026;;
00374 TERMINAL PUNTA COLORADA;1016432;ZSTO;Tapa Tanque de Urea;VOLVO MAQU;21584844;MR01;374;V1;2;3;C29;FILTROS/RESPUESTOS;REPUESTOS;VOLVO FM460;KG;ZPAS;1000088592;CUMPLIDO PARCIAL;;;21/5/2026;21/5/2026;8/6/2026;18/5/2026;;
00374 TERMINAL PUNTA COLORADA;1016955;ZSSD;SOGA NAUTICA 10MM;;MÚLT. 100 MTS;MR01;374;V1;200;400;C27;FERRETERIA MR01;FERRETERIA;ACCESORIOS;KG;ZPAN;1000088946;ADJUDICADO;4500130048;;;;22/6/2026;22/5/2026;C27;10150807
00374 TERMINAL PUNTA COLORADA;1047474;ZSCD;SOGA NAUTICA 16MM;;;MR01;374;V1;200;400;C27;FERRETERIA MR01;FERRETERIA;?;KG;ZPAN;1000088946;ADJUDICADO;4500130048;;;;22/6/2026;22/5/2026;C27;10150807
00374 TERMINAL PUNTA COLORADA;1047521;ZSCD;CINCEL PUNTA C/ENCASTRE SDS MAX 400MM;;;MR01;374;V1;4;8;C27;FERRETERIA MR01;FERRETERIA;HERRAMIENTAS MANUALES;KG;ZPAN;1000088946;ADJUDICADO;4500130048;;;;22/6/2026;22/5/2026;C27;10150807
00374 TERMINAL PUNTA COLORADA;1001961;ZSTO;CINTA AISLADORA NEGRA X10MT;;;MR01;374;V1;25;40;C27;FERRETERIA MR01;FERRETERIA;INSUMOS;KG;ZPAS;1000089045;EMBALADO;;;16/6/2026;;15/6/2026;26/5/2026;;
00374 TERMINAL PUNTA COLORADA;1016937;ZSSD;NIVEL DE BURBUJA 30CM;;;MR01;374;V1;2;4;C27;FERRETERIA MR01;FERRETERIA;HERRAMIENTAS;KG;ZPAN;1000089050;ADJUDICADO;4500130048;;;;26/6/2026;26/5/2026;C27;10150980
00374 TERMINAL PUNTA COLORADA;1016911;ZSSD;CINTA METRICA X20MT;;;MR01;374;V1;3;6;C27;FERRETERIA MR01;FERRETERIA;INSUMOS;KG;ZPAN;1000089055;ADJUDICADO;4500130048;;;;26/6/2026;26/5/2026;C27;10150984
00374 TERMINAL PUNTA COLORADA;1016983;ZSSD;CUCHARA ALBANIL FORJADA 7PG;;;MR01;374;V1;15;30;C27;FERRETERIA MR01;FERRETERIA;HERRAMIENTA MANUAL;KG;ZPAN;1000089055;ADJUDICADO;4500130048;;;;26/6/2026;26/5/2026;C27;10150984
00374 TERMINAL PUNTA COLORADA;1017084;ZSSD;CEPILLO ACERO 4X19 C MANGO MADERA;;;MR01;374;V1;8;15;C27;FERRETERIA MR01;LIMPIEZA;INSUMOS;KG;ZPAN;1000089055;ADJUDICADO;4500130048;;;;26/6/2026;26/5/2026;C27;10150984
00374 TERMINAL PUNTA COLORADA;1017090;ZSSD;ESPATULA METALICA 3PG;;;MR01;374;V1;5;10;C27;FERRETERIA MR01;FERRETERIA;INSUMOS;KG;ZPAN;1000089055;ADJUDICADO;4500130048;;;;26/6/2026;26/5/2026;C27;10150984
00374 TERMINAL PUNTA COLORADA;1026272;ZSCD;DELANTAL KEVLAR C TRIPLE PROT ABDOMINAL;;;MR01;374;V1;10;20;C28;SEGURIDAD/ROPA/EPP;INDUMENTARIA;INSUMOS;KG;ZPAN;1000089055;CUMPLIDO PARCIAL;4500128906;2/6/2026;2/6/2026;2/6/2026;26/6/2026;26/5/2026;C28;10150984
00374 TERMINAL PUNTA COLORADA;1026933;ZSCD;PLOMADA 250GR;;;MR01;374;V1;2;4;C27;FERRETERIA MR01;FERRETERIA;FERRETERIA;KG;ZPAN;1000089055;ADJUDICADO;4500130048;;;;26/6/2026;26/5/2026;C27;10150984
00374 TERMINAL PUNTA COLORADA;1034240;ZSSD;CHALECO GRAFA NARANJA C/REFLECTIVO T.XXL;;;MR01;374;V1;30;60;C28;SEGURIDAD/ROPA/EPP;SEGURIDAD;INDUMENTARIA;KG;ZPAN;1000089055;ADJUDICADO;4500128907;;;;26/6/2026;26/5/2026;C28;10150984
00374 TERMINAL PUNTA COLORADA;1001675;ZSTO;CLAVOS P.PARIS 2 XKG;;MÚLT. 30 KG;MR01;374;V1;50;100;C08;ACERO;ACEROS;CLAVOS;KG;ZPAS;1000089190;CUMPLIDO PARCIAL;;;29/5/2026;5/6/2026;17/6/2026;28/5/2026;;
00374 TERMINAL PUNTA COLORADA;1002046;ZSTO;CAMISETA PRIMERA PIEL T.XL;;;MR01;374;V1;15;30;C28;SEGURIDAD/ROPA/EPP;SEGURIDAD;INDUMENTARIA;KG;ZPAS;1000089190;SIN TRATAMIENTO;;;;;17/6/2026;28/5/2026;;
00374 TERMINAL PUNTA COLORADA;1004401;ZSTO;LAMPARA12V-45WPATASIGUALESXUN;;(BA15S);MR01;374;V1;10;20;C29;FILTROS/RESPUESTOS;REPUESTOS;ELECTRICIDAD AUTOMOTOR;KG;ZPAS;1000089190;PICKEADO PARCIAL;;;;;17/6/2026;28/5/2026;;
00374 TERMINAL PUNTA COLORADA;1016909;ZSSD;CINTA METRICA X5MT;;;MR01;374;V1;15;30;C27;FERRETERIA MR01;FERRETERIA;INSUMOS;KG;ZPAN;1000089192;ADJUDICADO;4500130739;;;;28/6/2026;28/5/2026;C27;10151169
00374 TERMINAL PUNTA COLORADA;1027149;ZSSD;DISCO FLAP TYROLIT 115x22 GRANO 80;;;MR01;374;V1;20;40;C27;FERRETERIA MR01;FERRETERIA;?;KG;ZPAN;1000089192;ADJUDICADO;4500130048;;;;28/6/2026;28/5/2026;C27;10151169
00374 TERMINAL PUNTA COLORADA;1002001;ZSTO;CAMISA JEAN T.40 C LOGO;;;MR01;374;V1;15;25;C28;SEGURIDAD/ROPA/EPP;ROPA;INDUMENTARIA;KG;ZPAN;1000089238;ADJUDICADO;4500129027;;;;28/6/2026;28/5/2026;374;10151211
00374 TERMINAL PUNTA COLORADA;1002002;ZSTO;CAMISA JEAN T.42 C LOGO;;;MR01;374;V1;20;35;C28;SEGURIDAD/ROPA/EPP;ROPA;INDUMENTARIA;KG;ZPAN;1000089238;ADJUDICADO;4500129027;;;;28/6/2026;28/5/2026;374;10151211
00374 TERMINAL PUNTA COLORADA;1002003;ZSTO;CAMISA JEAN T.44 C LOGO;;;MR01;374;V1;20;35;C28;SEGURIDAD/ROPA/EPP;ROPA;INDUMENTARIA;KG;ZPAN;1000089238;ADJUDICADO;4500129027;;;;28/6/2026;28/5/2026;374;10151211
00374 TERMINAL PUNTA COLORADA;1002006;ZSTO;CAMISA JEAN T.50 C LOGO;;;MR01;374;V1;5;8;C28;SEGURIDAD/ROPA/EPP;ROPA;INDUMENTARIA;KG;ZPAN;1000089238;ADJUDICADO;4500129027;;;;28/6/2026;28/5/2026;374;10151211
00374 TERMINAL PUNTA COLORADA;1002010;ZSTO;CAMISA JEAN T.58 C LOGO;;;MR01;374;V1;2;3;C28;SEGURIDAD/ROPA/EPP;ROPA;INDUMENTARIA;KG;ZPAN;1000089238;ADJUDICADO;4500129027;;;;28/6/2026;28/5/2026;374;10151211
00374 TERMINAL PUNTA COLORADA;1002013;ZSTO;PANTALON JEAN T.42;;;MR01;374;V1;15;25;C28;SEGURIDAD/ROPA/EPP;ROPA;INDUMENTARIA;KG;ZPAN;1000089238;CUMPLIDO PARCIAL;4500129027;16/6/2026;16/6/2026;16/6/2026;28/6/2026;28/5/2026;374;10151211
00374 TERMINAL PUNTA COLORADA;1002014;ZSTO;PANTALON JEAN T.44;;;MR01;374;V1;15;25;C28;SEGURIDAD/ROPA/EPP;ROPA;INDUMENTARIA;KG;ZPAN;1000089238;CUMPLIDO PARCIAL;4500129027;16/6/2026;16/6/2026;16/6/2026;28/6/2026;28/5/2026;374;10151211
00374 TERMINAL PUNTA COLORADA;1002019;ZSTO;PANTALON JEAN T.54;;;MR01;374;V1;5;10;C28;SEGURIDAD/ROPA/EPP;ROPA;INDUMENTARIA;KG;ZPAN;1000089238;ADJUDICADO;4500129027;;;;28/6/2026;28/5/2026;374;10151211
00374 TERMINAL PUNTA COLORADA;1002020;ZSTO;PANTALON JEAN T.56;;;MR01;374;V1;2;4;C28;SEGURIDAD/ROPA/EPP;ROPA;INDUMENTARIA;KG;ZPAN;1000089238;ADJUDICADO;4500129027;;;;28/6/2026;28/5/2026;374;10151211
00374 TERMINAL PUNTA COLORADA;1002021;ZSTO;PANTALON JEAN T.58;;;MR01;374;V1;2;4;C28;SEGURIDAD/ROPA/EPP;ROPA;INDUMENTARIA;KG;ZPAN;1000089238;ADJUDICADO;4500129027;;;;28/6/2026;28/5/2026;374;10151211
00374 TERMINAL PUNTA COLORADA;1002022;ZSTO;PANTALON JEAN T.60;;;MR01;374;V1;2;3;C28;SEGURIDAD/ROPA/EPP;ROPA;INDUMENTARIA;KG;ZPAN;1000089238;ADJUDICADO;4500129027;;;;28/6/2026;28/5/2026;374;10151211
00374 TERMINAL PUNTA COLORADA;1002045;ZSTO;CAMISETA PRIMERA PIEL T.L;;;MR01;374;V1;10;20;C28;SEGURIDAD/ROPA/EPP;SEGURIDAD;INDUMENTARIA;KG;ZPAN;1000089238;ADJUDICADO;4500129892;;;;28/6/2026;28/5/2026;374;10151211
00374 TERMINAL PUNTA COLORADA;1002047;ZSTO;CAMISETA PRIMERA PIEL T.XXL;;;MR01;374;V1;15;30;C28;SEGURIDAD/ROPA/EPP;SEGURIDAD;INDUMENTARIA;KG;ZPAN;1000089238;ADJUDICADO;4500129892;;;;28/6/2026;28/5/2026;374;10151211
00374 TERMINAL PUNTA COLORADA;1002066;ZSTO;PANTALON PRIMERA PIEL T.L;;;MR01;374;V1;10;20;C28;SEGURIDAD/ROPA/EPP;SEGURIDAD;INDUMENTARIA;KG;ZPAN;1000089238;ADJUDICADO;4500129892;;;;28/6/2026;28/5/2026;374;10151211
00374 TERMINAL PUNTA COLORADA;1002050;ZSTO;CAMPERA 2 PIEL T. M;;;MR01;374;V1;10;20;C28;SEGURIDAD/ROPA/EPP;SEGURIDAD;INDUMENTARIA;KG;ZPAN;1000089238;ADJUDICADO;4500129892;;;;28/6/2026;28/5/2026;374;10151211
00374 TERMINAL PUNTA COLORADA;1002052;ZSTO;CAMPERA 2 PIEL T. XL;;;MR01;374;V1;15;30;C28;SEGURIDAD/ROPA/EPP;SEGURIDAD;INDUMENTARIA;KG;ZPAN;1000089238;ADJUDICADO;4500129892;;;;28/6/2026;28/5/2026;374;10151211
00374 TERMINAL PUNTA COLORADA;1002053;ZSTO;CAMPERA 2 PIEL T. XXL;;;MR01;374;V1;15;30;C28;SEGURIDAD/ROPA/EPP;SEGURIDAD;INDUMENTARIA;KG;ZPAN;1000089238;ADJUDICADO;4500129892;;;;28/6/2026;28/5/2026;374;10151211
00374 TERMINAL PUNTA COLORADA;1016193;ZSTO;CUBIERTA 245/65 R17 111T;PIRELLI NE // GOOD YEAR;111T XL SCORPION // 111T XL WRANGLERWORKHORS;MR01;374;V1;2;10;C47;CUBIERTAS AUTOMOTR;CUBIERTAS;VW AMAROK;KG;ZPAS;1000089277;SIN TRATAMIENTO;;;;;18/6/2026;29/5/2026;;
00374 TERMINAL PUNTA COLORADA;1003279;ZSTO;FILTRO DE COMBUSTIBLE;TEREX // HIFI FILTE;RPTX0704970519 // SN40705;MR01;374;V1;2;5;F06;FILTRO COMBUSTIBLE;FILTROS;TEREX RT 35;KG;ZPAS;1000089376;SIN TRATAMIENTO;;;;;19/6/2026;1/6/2026;;
00374 TERMINAL PUNTA COLORADA;1042514;ZSCD;BOTIN CONW 53 BAF MARRON P.ACER N40;;;MR01;374;CL;20;40;C28;SEGURIDAD/ROPA/EPP;SEGURIDAD;CALZADO;KG;ZPAN;1000089380;CUMPLIDO PARCIAL;4500129239;4/6/2026;4/6/2026;4/6/2026;1/7/2026;1/6/2026;374;10151346
00374 TERMINAL PUNTA COLORADA;1042515;ZSCD;BOTIN CONW 53 BAF MARRON P.ACER N41;;;MR01;374;CL;20;40;C28;SEGURIDAD/ROPA/EPP;SEGURIDAD;CALZADO;KG;ZPAN;1000089380;CUMPLIDO PARCIAL;4500129239;4/6/2026;4/6/2026;4/6/2026;1/7/2026;1/6/2026;374;10151346
00374 TERMINAL PUNTA COLORADA;1042516;ZSCD;BOTIN CONW 53 BAF MARRON P.ACER N42;;;MR01;374;CL;20;40;C28;SEGURIDAD/ROPA/EPP;SEGURIDAD;CALZADO;KG;ZPAN;1000089380;CUMPLIDO PARCIAL;4500129239;4/6/2026;4/6/2026;4/6/2026;1/7/2026;1/6/2026;374;10151346
00374 TERMINAL PUNTA COLORADA;1042517;ZSCD;BOTIN CONW 53 BAF MARRON P.ACER N43;;;MR01;374;CL;20;40;C28;SEGURIDAD/ROPA/EPP;SEGURIDAD;CALZADO;KG;ZPAN;1000089380;CUMPLIDO PARCIAL;4500129239;4/6/2026;4/6/2026;4/6/2026;1/7/2026;1/6/2026;374;10151346
00374 TERMINAL PUNTA COLORADA;1047472;ZSCD;TRIPA P/VIBRADOR DE H° HEXAG. 45MMX6M;;;MR01;374;V1;2;4;C27;FERRETERIA MR01;HORMIGON;ACCESORIOS;KG;ZPAN;1000089380;ADJUDICADO;4500130048;;;;1/7/2026;1/6/2026;C27;10151346
00374 TERMINAL PUNTA COLORADA;1022061;ZSTO;CORREA ALTERNADOR DE 90AMP;KOMATSU HO;6741-61-1621;MR01;374;V1;2;2;C29;FILTROS/RESPUESTOS;REPUESTOS;KOMATSU D65EX15;KG;ZPAS;1000089432;PICKEADO;;;18/6/2026;;23/6/2026;2/6/2026;;
00374 TERMINAL PUNTA COLORADA;1034629;ZSTO;JUNTA TAPA PRINCIPAL;DBT S.A. //;3036097 // 119717-11331;MR01;374;V1;2;2;C29;FILTROS/RESPUESTOS;REPUESTOS;HIMOINSA LTA 8 V LED;KG;ZPAS;1000089432;SIN TRATAMIENTO;;;;;23/6/2026;2/6/2026;;
00374 TERMINAL PUNTA COLORADA;1024825;ZSTO;TENSOR DE CORREA MOVIL;;RE518097 ORDER RE548027;MR01;374;V1;2;3;C03;EQUIPOS;REPUESTOS;?;KG;ZPAN;1000089433;EMBALADO;4500130154;16/6/2026;16/6/2026;;2/7/2026;2/6/2026;C03;10151472
00374 TERMINAL PUNTA COLORADA;1035039;ZSTO;CORREA A/C;;04120-21748;MR01;374;V1;2;2;C03;EQUIPOS;CORREAS;?;KG;ZPAN;1000089433;EMBALADO;4500129662;17/6/2026;17/6/2026;;2/7/2026;2/6/2026;C03;10151472
00374 TERMINAL PUNTA COLORADA;1001869;ZSTO;MARCADORINDUSTRIAL-AMARILLOXUN;UNIPAINT;MÚLT. 10U;MR01;374;V1;120;240;C17;INSUMOS A;LIBRERIA;ESCRITURA;KG;ZPAS;1000089625;CUMPLIDO PARCIAL;;;5/6/2026;;25/6/2026;4/6/2026;;
00374 TERMINAL PUNTA COLORADA;1001951;ZSTO;CANDADO 50MM XUN;;;MR01;374;V1;7;15;C27;FERRETERIA MR01;FERRETERIA;ACCESORIOS;KG;ZPAS;1000089625;EMBALADO PARCIAL;;;16/6/2026;;25/6/2026;4/6/2026;;
00374 TERMINAL PUNTA COLORADA;1026248;ZSCD;"DISCO FLAP TYROLIT (847929SL)7""x7/8 G80";;;MR01;374;V1;20;40;C27;FERRETERIA MR01;FERRETERIA;ABRASIVOS/DISCOS;KG;ZPAN;1000089629;ADJUDICADO;4500130048;;;;4/7/2026;4/6/2026;C27;10151717
00374 TERMINAL PUNTA COLORADA;1047520;ZSCD;CINCEL PLANO C/ENCASTRE SDS MAX 400MM;;;MR01;374;V1;4;8;C27;FERRETERIA MR01;FERRETERIA;HERRAMIENTAS MANUALES;KG;ZPAN;1000089629;ADJUDICADO;4500130739;;;;4/7/2026;4/6/2026;C27;10151717
00374 TERMINAL PUNTA COLORADA;1047701;ZSCD;CHALECO REFLECTIVO NARANJA C2 C/LOGO T.M;;;MR01;374;V1;20;35;C28;SEGURIDAD/ROPA/EPP;INDUMENTARIA;EPP;KG;ZPAN;1000089629;ADJUDICADO;4500129678;;;;4/7/2026;4/6/2026;C28;10151717
00374 TERMINAL PUNTA COLORADA;1047702;ZSCD;CHALECO REFLECTIVO NARANJA C2 C/LOGO T.L;;;MR01;374;V1;25;45;C28;SEGURIDAD/ROPA/EPP;INDUMENTARIA;EPP;KG;ZPAN;1000089629;ADJUDICADO;4500129678;;;;4/7/2026;4/6/2026;C28;10151717
00374 TERMINAL PUNTA COLORADA;1015780;ZSSD;CINTA METRICA X 10 MTS;;;MR01;374;V1;30;60;C27;FERRETERIA MR01;FERRETERIA;FERRETERIA;KG;ZPAN;1000089730;ADJUDICADO;4500130739;;;;5/7/2026;5/6/2026;C27;10151803
00374 TERMINAL PUNTA COLORADA;1017096;ZSSD;SERRUCHO COSTILLA 9DPP - 20PG;;;MR01;374;V1;4;10;C27;FERRETERIA MR01;FERRETERIA;INSUMOS;KG;ZPAN;1000089730;ADJUDICADO;4500130739;;;;5/7/2026;5/6/2026;C27;10151803
00374 TERMINAL PUNTA COLORADA;1029584;ZSTO;CORREA TRAPEZOIDAL;;T437052;MR01;374;V1;2;3;C29;FILTROS/RESPUESTOS;CORREAS;?;KG;ZPAN;1000089730;EMBALADO;4500129776;16/6/2026;16/6/2026;;5/7/2026;5/6/2026;C29;10151803
00374 TERMINAL PUNTA COLORADA;1042869;ZSSD;LLANA LISA 280MM. X 130MM.;;;MR01;374;V1;5;15;C27;FERRETERIA MR01;FERRETERIA;HERRAMIENTAS MANUALES;KG;ZPAN;1000089730;ADJUDICADO;4500130739;;;;5/7/2026;5/6/2026;C27;10151803
00374 TERMINAL PUNTA COLORADA;1054307;ZSCD;AEROSOL BASE AGUA NEGRO X440CC;;;MR01;374;V1;12;24;C22;INSUMOS C;INSUMOS;?;KG;ZPAN;1000089730;PICKEADO;4500129994;19/6/2026;19/6/2026;;5/7/2026;5/6/2026;C22;10151803
00374 TERMINAL PUNTA COLORADA;1001778;ZSTO;YERBA MATE X 500GRS X UN;;;MR01;374;V1;500;1000;C17;INSUMOS A;ALIMENTOS;?;KG;ZPAN;1000089844;EMBALADO;4500130073;17/6/2026;17/6/2026;;8/7/2026;8/6/2026;C17;10151945
00374 TERMINAL PUNTA COLORADA;1015853;ZSSD;PRECINTO PLASTICO AL-3 X 175MM;;MÚLT. 100U;MR01;374;V1;5;10;C27;FERRETERIA MR01;FERRETERIA;INSUMOS;KG;ZPAN;1000089844;ADJUDICADO;4500130739;;;;8/7/2026;8/6/2026;C27;10151945
00374 TERMINAL PUNTA COLORADA;1015856;ZSSD;PRECINTO PLASTICO AL-7 X400MM X UN;;MÚLT. 100U;MR01;374;V1;5;10;C27;FERRETERIA MR01;FERRETERIA;INSUMOS;KG;ZPAN;1000089844;ADJUDICADO;4500130739;;;;8/7/2026;8/6/2026;C27;10151945
00374 TERMINAL PUNTA COLORADA;1016929;ZSSD;FRATACHO MADERA 30CM XUN;;;MR01;374;V1;10;20;C27;FERRETERIA MR01;FERRETERIA;INSUMOS;KG;ZPAN;1000089844;ADJUDICADO;4500130739;;;;8/7/2026;8/6/2026;C27;10151945
00374 TERMINAL PUNTA COLORADA;1016930;ZSSD;BALDE ALBANIL PLASTICO;;;MR01;374;V1;25;50;C27;FERRETERIA MR01;FERRETERIA;FERRETERIA;KG;ZPAN;1000089844;ADJUDICADO;4500130739;;;;8/7/2026;8/6/2026;C27;10151945
00374 TERMINAL PUNTA COLORADA;1016980;ZSSD;GRINFA D12;;;MR01;374;V1;2;6;C27;FERRETERIA MR01;FERRETERIA;HERRAMIENTAS;KG;ZPAN;1000089844;ADJUDICADO;4500130739;;;;8/7/2026;8/6/2026;C27;10151945
00374 TERMINAL PUNTA COLORADA;1016981;ZSSD;GRINFA D10;;;MR01;374;V1;2;6;C27;FERRETERIA MR01;FERRETERIA;HERRAMIENTAS;KG;ZPAN;1000089844;ADJUDICADO;4500130739;;;;8/7/2026;8/6/2026;C27;10151945
00374 TERMINAL PUNTA COLORADA;1017043;ZSSD;CABO MADERA PARA BARREDOR;;;MR01;374;CL;10;15;C17;INSUMOS A;LIMPIEZA;LIMPIEZA /SEGURIDAD;KG;ZPAN;1000089844;ADJUDICADO;4500129774;;;;25/6/2026;8/6/2026;374;10151945
00374 TERMINAL PUNTA COLORADA;1017089;ZSSD;ESPATULA METALICA 2PG;;;MR01;374;V1;5;10;C27;FERRETERIA MR01;FERRETERIA;INSUMOS;KG;ZPAN;1000089844;ADJUDICADO;4500130739;;;;8/7/2026;8/6/2026;C27;10151945
00374 TERMINAL PUNTA COLORADA;1017147;ZSSD;BARRETA SACACLAVOS 19X1000;;;MR01;374;V1;2;4;C27;FERRETERIA MR01;FERRETERIA;INSUMOS;KG;ZPAN;1000089844;ADJUDICADO;4500130739;;;;8/7/2026;8/6/2026;C27;10151945
00374 TERMINAL PUNTA COLORADA;1026942;ZSCD;ESCUADRA ALBANIL 45° 20CMx30CM METAL;;;MR01;374;V1;2;2;C27;FERRETERIA MR01;FERRETERIA;HERRAMIENTAS;KG;ZPAN;1000089844;ADJUDICADO;4500130739;;;;8/7/2026;8/6/2026;C27;10151945
00374 TERMINAL PUNTA COLORADA;1042817;ZSSD;VIRUTA DE ACERO GRUESA X 250GR.;;;MR01;374;V1;5;20;C27;FERRETERIA MR01;FERRETERIA;ABRASIVOS/DISCOS;KG;ZPAN;1000089844;ADJUDICADO;4500130739;;;;8/7/2026;8/6/2026;C27;10151945
00374 TERMINAL PUNTA COLORADA;1047270;ZSCD;MECHA WIDIA SDS PLUS Ø10MM 220MM;;;MR01;374;V1;2;4;C27;FERRETERIA MR01;FERRETERIA;ACCESORIOS;KG;ZPAN;1000089844;ADJUDICADO;4500130739;;;;8/7/2026;8/6/2026;C27;10151945
00374 TERMINAL PUNTA COLORADA;1047519;ZSCD;PUNTA P/ATORNILLADOR PHILLIPS 12;;;MR01;374;V1;4;8;C27;FERRETERIA MR01;FERRETERIA;HERRAMIENTAS ELECTRICAS;KG;ZPAN;1000089844;ADJUDICADO;4500130739;;;;8/7/2026;8/6/2026;C27;10151945
00374 TERMINAL PUNTA COLORADA;1049436;ZSCD;MARTILLO CARPINTERO C/CABO DE FIBRA;;;MR01;374;V1;20;40;C27;FERRETERIA MR01;FERRETERIA;?;KG;ZPAN;1000089844;ADJUDICADO;4500130739;;;;8/7/2026;8/6/2026;C27;10151945
00374 TERMINAL PUNTA COLORADA;1016932;ZSSD;RUEDA NEUMATICA P CARRETILLA 70LT;;;MR01;374;V1;10;20;C27;FERRETERIA MR01;FERRETERIA;INSUMOS;KG;ZPAN;1000089844;ADJUDICADO;4500130739;;;;8/7/2026;8/6/2026;C27;10151945
00374 TERMINAL PUNTA COLORADA;1001950;ZSTO;CANDADO 38-40MM XUN;;;MR01;374;V1;7;15;C27;FERRETERIA MR01;FERRETERIA;ACCESORIOS;KG;ZPAS;1000089955;CUMPLIDO PARCIAL;;;11/6/2026;;1/7/2026;10/6/2026;;
00374 TERMINAL PUNTA COLORADA;1015788;ZSSD;DESODORANTE LÍQUIDO PARA PISO X 5 LTS;;;MR01;374;V1;40;80;C17;INSUMOS A;LIMPIEZA;LIMPIEZA /SEGURIDAD;KG;ZPAN;1000090042;EMBALADO;4500130135;17/6/2026;17/6/2026;;11/7/2026;11/6/2026;C17;10152245
00374 TERMINAL PUNTA COLORADA;1029480;ZSTO;CORREA B-45;;B-45 DUNLOP;MR01;374;V1;2;2;C29;FILTROS/RESPUESTOS;CORREAS;CAMIONES REGADORES;KG;ZPAN;1000090042;EMBALADO;4500130094;16/6/2026;16/6/2026;;11/7/2026;11/6/2026;C29;10152245
00374 TERMINAL PUNTA COLORADA;1047255;ZSCD;COLA DE AMARRE SIMPLE;;;MR01;374;V1;5;15;C27;FERRETERIA MR01;SEGURIDAD;ELEMENTOS DE IZAJE;KG;ZPAN;1000090042;SIN TRATAMIENTO;;;;;11/7/2026;11/6/2026;;10152245
00374 TERMINAL PUNTA COLORADA;1001686;ZSTO;ANTEOJO GRIS;LIBUS // 3M // MSA // STEELPRO;ECOLINEHC (MÚLT. 10U) // SECUREFIT SF202AF GRIS // MSA PERSPECTA SMOKE // STEELPRO SPY SMOKE;MR01;374;V1;700;1000;C28;SEGURIDAD/ROPA/EPP;SEGURIDAD;ACCESORIO SEGURIDAD;KG;ZPAS;1000090150;EMBALADO;;;16/6/2026;;3/7/2026;12/6/2026;;
00374 TERMINAL PUNTA COLORADA;1001697;ZSTO;GUANTE VAQUETA MEDIO PASEO T.10;;MÚLT. 12U;MR01;374;V1;700;1000;C28;SEGURIDAD/ROPA/EPP;SEGURIDAD;GUANTE;KG;ZPAS;1000090150;EMBALADO;;;16/6/2026;;3/7/2026;12/6/2026;;
00374 TERMINAL PUNTA COLORADA;1001747;ZSTO;BOTA GOMA P.ACERO N 43;;;MR01;374;V1;6;12;C28;SEGURIDAD/ROPA/EPP;SEGURIDAD;CALZADO;KG;ZPAS;1000090150;EMBALADO;;;16/6/2026;;3/7/2026;12/6/2026;;
00374 TERMINAL PUNTA COLORADA;1001832;ZSTO;CUBIERTA 275 70 R22.5 FR01;PIRELLI NE // GOOD YEAR // GOOD YEAR // MICHELIN A;FR01 // G617 // KMAX-S // X MULTI T;MR01;374;V1;2;3;C48;CUBIERTAS CAMIONES;CUBIERTAS;CARRETON COMETTO;KG;ZPAS;1000090150;EMBALADO;;;16/6/2026;;3/7/2026;12/6/2026;;
00374 TERMINAL PUNTA COLORADA;1001871;ZSTO;RESMA DE HOJA A4 70GR. X UN;;;MR01;374;V1;30;60;C17;INSUMOS A;LIBRERIA;PAPEL;KG;ZPAS;1000090150;EMBALADO;;;16/6/2026;;3/7/2026;12/6/2026;;
00374 TERMINAL PUNTA COLORADA;1001895;ZSTO;ALCOHOL LIQUIDO X LITRO;;;MR01;374;V1;10;20;C17;INSUMOS A;LIMPIEZA;ALCOHOL LIQUIDO;KG;ZPAS;1000090150;EMBALADO PARCIAL;;;16/6/2026;;3/7/2026;12/6/2026;;
00374 TERMINAL PUNTA COLORADA;1001933;ZSTO;DISCO 114x1,6x222 REFORZADO x UN;TYROLIT;114X16X222;MR01;374;V1;350;700;C27;FERRETERIA MR01;FERRETERIA;ABRASIVOS/DISCOS;KG;ZPAS;1000090150;EMBALADO PARCIAL;;;16/6/2026;;3/7/2026;12/6/2026;;
00374 TERMINAL PUNTA COLORADA;1001958;ZSTO;CINTA TEFLON 1/2 X 20MT;;;MR01;374;V1;3;6;C27;FERRETERIA MR01;FERRETERIA;INSUMOS;KG;ZPAS;1000090150;EMBALADO;;;16/6/2026;;3/7/2026;12/6/2026;;
00374 TERMINAL PUNTA COLORADA;1001959;ZSTO;CINTA TEFLON 3/4 X 20MT;;;MR01;374;V1;10;15;C27;FERRETERIA MR01;FERRETERIA;INSUMOS;KG;ZPAS;1000090150;EMBALADO PARCIAL;;;16/6/2026;;3/7/2026;12/6/2026;;
00374 TERMINAL PUNTA COLORADA;1002058;ZSTO;CAMPERA ABRIGO T. L ROJA CON LOGO;No aplica;CON REFLECTIVO T. L;MR01;374;V1;10;20;C28;SEGURIDAD/ROPA/EPP;ROPA;INDUMENTARIA;KG;ZPAS;1000090150;EMBALADO;;;16/6/2026;;3/7/2026;12/6/2026;;
00374 TERMINAL PUNTA COLORADA;1002070;ZSTO;CAMPERA DESCARNE T.XXL;;;MR01;374;V1;2;4;C28;SEGURIDAD/ROPA/EPP;SEGURIDAD;INDUMENTARIA;KG;ZPAS;1000090150;EMBALADO;;;16/6/2026;;3/7/2026;12/6/2026;;
00374 TERMINAL PUNTA COLORADA;1002071;ZSTO;CAMPERA DESCARNE T.XXXL;;;MR01;374;V1;3;6;C28;SEGURIDAD/ROPA/EPP;SEGURIDAD;INDUMENTARIA;KG;ZPAS;1000090150;EMBALADO;;;16/6/2026;;3/7/2026;12/6/2026;;
00374 TERMINAL PUNTA COLORADA;1002566;ZSTO;FILTRO LINEA COMBUSTIBLE;FLEETGUARD // FLEETGUARD // FLEETGUARD // DONALDSON // // FLEETGUARD;FF5079 // FF5006 // FS5288 // P550090 // P550974 // 4080720;MR01;374;V1;12;24;F07;FILTRO FLUIDO HIDR;FILTROS;FILTROS;KG;ZPAS;1000090150;EMBALADO PARCIAL;;;16/6/2026;;3/7/2026;12/6/2026;;
00374 TERMINAL PUNTA COLORADA;1003020;ZSTO;FILTRO AIRE MOTOR;JOHN DEERE;AT332908;MR01;374;V1;5;10;F04;FILTRO AIRE;FILTROS;JD 310K;KG;ZPAS;1000090150;EMBALADO PARCIAL;;;16/6/2026;;3/7/2026;12/6/2026;;
00374 TERMINAL PUNTA COLORADA;1016894;ZSTO;MAMEL. 1°CAL. DESC. LAMIN.BLANCO 60GRXXL;;FABRICANTE DUPONT/MODELO TIVEK 500;MR01;374;V1;400;600;C28;SEGURIDAD/ROPA/EPP;SEGURIDAD;INDUMENTARIA;KG;ZPAS;1000090150;EMBALADO PARCIAL;;;16/6/2026;;3/7/2026;12/6/2026;;
00374 TERMINAL PUNTA COLORADA;1016080;ZSCD;BOTIN CONW 53 BAF MARRON FLOR P.ACER N39;;;MR01;374;CL;5;10;C28;SEGURIDAD/ROPA/EPP;SEGURIDAD;CALZADO;KG;ZPAN;1000090155;ADJUDICADO;4500130180;;;;12/7/2026;12/6/2026;374;10152332
00374 TERMINAL PUNTA COLORADA;1016920;ZSSD;SOGA NAUTICA 12MM;;MÚLT. 100 MTS;MR01;374;V1;200;400;C27;FERRETERIA MR01;FERRETERIA;FERRETERIA;KG;ZPAN;1000090155;ADJUDICADO;4500130739;;;;12/7/2026;12/6/2026;C27;10152332
00374 TERMINAL PUNTA COLORADA;1016921;ZSSD;SOGA NAUTICA 8MM;;MÚLT. 100 MTS;MR01;374;V1;200;400;C27;FERRETERIA MR01;FERRETERIA;FERRETERIA;KG;ZPAN;1000090155;ADJUDICADO;4500130739;;;;12/7/2026;12/6/2026;C27;10152332
00374 TERMINAL PUNTA COLORADA;1017218;ZSSD;LAMPAZO;;;MR01;374;V1;3;8;C17;INSUMOS A;LIMPIEZA;LIMPIEZA /SEGURIDAD;KG;ZPAN;1000090155;EMBALADO;4500130410;18/6/2026;18/6/2026;;12/7/2026;12/6/2026;C17;10152332
00374 TERMINAL PUNTA COLORADA;1017224;ZSSD;LAPIZ CARPINTERO;;;MR01;374;V1;50;100;C27;FERRETERIA MR01;FERRETERIA;FERRETERIA;KG;ZPAN;1000090155;ADJUDICADO;4500130739;;;;12/7/2026;12/6/2026;C27;10152332
00374 TERMINAL PUNTA COLORADA;1047245;ZSCD;MAZA MINERO 1KG C/ CABO PLASTICO;;;MR01;374;V1;3;6;C27;FERRETERIA MR01;FERRETERIA;HERRAMIENTA MANUAL;KG;ZPAN;1000090155;ADJUDICADO;4500130739;;;;12/7/2026;12/6/2026;C27;10152332
00374 TERMINAL PUNTA COLORADA;1047246;ZSCD;MAZA MINERO 2KG C/ CABO PLASTICO;;;MR01;374;V1;2;4;C27;FERRETERIA MR01;FERRETERIA;HERRAMIENTA MANUAL;KG;ZPAN;1000090155;ADJUDICADO;4500130739;;;;12/7/2026;12/6/2026;C27;10152332
00374 TERMINAL PUNTA COLORADA;1047504;ZSCD;"DISCO WIDIA DIAMANTADO P/AMOLADORA 4""";;;MR01;374;V1;25;50;C27;FERRETERIA MR01;REPUESTOS;HERRAMIENTAS ELECTRICAS;KG;ZPAN;1000090155;SIN TRATAMIENTO;;;;;12/7/2026;12/6/2026;;10152332
00374 TERMINAL PUNTA COLORADA;1016973;ZSSD;MAZA MINERO 3 KG;;;MR01;374;V1;3;6;C27;FERRETERIA MR01;FERRETERIA;HERRAMIENTA MANUAL;KG;ZPAN;1000090155;ADJUDICADO;4500130739;;;;12/7/2026;12/6/2026;C27;10152332
00374 TERMINAL PUNTA COLORADA;1001708;ZSTO;GUANTE POLIAMIDA LAMINADO PALMAPU-TALLE9;;MÚLT. 12U;MR01;374;V1;700;1000;C28;SEGURIDAD/ROPA/EPP;SEGURIDAD;GUANTE;KG;ZPAS;1000090314;PICKEADO;;;18/6/2026;;7/7/2026;16/6/2026;;
00374 TERMINAL PUNTA COLORADA;1001726;ZSTO;SUSPENSION CREMALLERA;LIBUS // 3M // MSA // STEELPRO //;MILENIUM // SUSPENSIÓN RATCHET H-700 // FAS-TRAC III // RATCHET STEELPRO // DEPASCALE-UCU2120PC ARNES FAS TRACK III;MR01;374;V1;70;150;C28;SEGURIDAD/ROPA/EPP;SEGURIDAD;ACCESORIO SEGURIDAD;KG;ZPAS;1000090314;PICKEADO;;;18/6/2026;;7/7/2026;16/6/2026;;
00374 TERMINAL PUNTA COLORADA;1001823;ZSTO;ACEITE F50 5W40 X 20 L;ELAION // ELAION // YPF S.A.;F50 5W40 // FS540 // 151792;MR01;374;V1;8;16;L01;ACEITES;LUBRICANTES;AMAROK-HILUX;KG;ZPAS;1000090314;PICKEADO;;;18/6/2026;;7/7/2026;16/6/2026;;
00374 TERMINAL PUNTA COLORADA;1001888;ZSTO;BOLSAS RESIDUOS XUN 102X130 NEGRA;;;MR01;374;V1;100;200;C17;INSUMOS A;LIMPIEZA;LIMPIEZA /SEGURIDAD;KG;ZPAS;1000090314;PICKEADO;;;18/6/2026;;7/7/2026;16/6/2026;;
00374 TERMINAL PUNTA COLORADA;1002287;ZSTO;CUCHILLA;JOHN DEERE // JOHN DEERE;T150517 // T166437;MR01;374;V1;3;5;G01;CUCHILLAS;DESGASTE;JD310J;KG;ZPAS;1000090314;PICKEADO;;;18/6/2026;;7/7/2026;16/6/2026;;
00374 TERMINAL PUNTA COLORADA;1002485;ZSTO;FILTRO CABINA RECIRCULADO;JOHN DEERE;AT184590;MR01;374;V1;2;5;F05;FILTRO AIRE CABINA;FILTROS;FILTROS;KG;ZPAS;1000090314;PICKEADO;;;18/6/2026;;7/7/2026;16/6/2026;;
00374 TERMINAL PUNTA COLORADA;1002542;ZSTO;FILTRO ACEITE TRANSMISION JD;JOHN DEERE // JOHN DEERE;AT466863 // AT179323;MR01;374;V1;2;3;C03;EQUIPOS;FILTROS;JD;KG;ZPAS;1000090314;PICKEADO;;;18/6/2026;;7/7/2026;16/6/2026;;
00374 TERMINAL PUNTA COLORADA;1002546;ZSTO;FILTRO HIDRAULICO;JOHN DEERE //;AT308274 // AT367840;MR01;374;V1;3;6;F04;FILTRO AIRE;FILTROS;FILTROS;KG;ZPAS;1000090314;PICKEADO;;;18/6/2026;;7/7/2026;16/6/2026;;
00374 TERMINAL PUNTA COLORADA;1003365;ZSTO;FILTRO AIRE PRIMARIO;FLEETGUARD // DONALDSON // // KOMATSU HO;AF25667 // P532966 // VP2740 // 6001854110;MR01;374;V1;5;8;F04;FILTRO AIRE;FILTROS;FLEETGUARD;KG;ZPAS;1000090314;PICKEADO PARCIAL;;;18/6/2026;;7/7/2026;16/6/2026;;
00374 TERMINAL PUNTA COLORADA;1016413;ZSTO;UÑA (INCLUYE TRABA);CATERPILLA;505-4097;MR01;374;V1;10;15;G04;UÑAS;DESGASTE;CAT 323;KG;ZPAS;1000090314;PICKEADO;;;18/6/2026;;7/7/2026;16/6/2026;;
00374 TERMINAL PUNTA COLORADA;1022803;ZSTO;CORREA VENTILADOR - JD 310;;T428848 / T227609;MR01;374;V1;2;3;C03;EQUIPOS;CORREAS;JD 310 L;KG;ZPAS;1000090314;PICKEADO;;;18/6/2026;;7/7/2026;16/6/2026;;
00374 TERMINAL PUNTA COLORADA;1041530;ZSSD;PRECINTO PLASTICO AL-2 X 104MM X 100UN;;;MR01;374;V1;5;10;C27;FERRETERIA MR01;FERRETERIA;INSUMOS;KG;ZPAN;1000090315;SIN TRATAMIENTO;;;;;16/7/2026;16/6/2026;;10152506
00374 TERMINAL PUNTA COLORADA;1048843;ZSCD;CARTUCHO TONER RICOH IM460F;;133;MR01;374;V1;2;3;C05;INFORMÁT.-HARDWARE;LIBRERIA;?;KG;ZPAN;1000090315;ADJUDICADO;4500130802;;;;16/7/2026;16/6/2026;C05;10152506
00374 TERMINAL PUNTA COLORADA;1048856;ZSCD;BALDE PLASTICO 12LTS.;;;MR01;374;V1;3;6;C17;INSUMOS A;FERRETERIA;?;KG;ZPAN;1000090315;EMBALADO;4500130410;18/6/2026;18/6/2026;;16/7/2026;16/6/2026;C17;10152506
00374 TERMINAL PUNTA COLORADA;1001866;ZSTO;MARCADOR INDUSTRIAL-NEGROXUN;UNIPAINT;MÚLT. 10U;MR01;374;V1;120;240;C17;INSUMOS A;LIBRERIA;ESCRITURA;KG;ZPAS;1000090385;PICKEADO;;;18/6/2026;;8/7/2026;17/6/2026;;
00374 TERMINAL PUNTA COLORADA;1002624;ZSTO;FILTRO GASOIL;ATLAS COPC // FLEETGUARD // DONALDSON // No aplica // No aplica;2657828816 // FS19732 // P550848 // 219659 // 9414101756;MR01;374;V1;2;3;F06;FILTRO COMBUSTIBLE;FILTROS;GROVE RT540E;KG;ZPAS;1000090385;PICKEADO;;;18/6/2026;;8/7/2026;17/6/2026;;
00374 TERMINAL PUNTA COLORADA;1002766;ZSTO;FILTRO COMBUSTIBLE;KOMATSU HO // //;4216035170 // AF4167 // P502574;MR01;374;V1;16;32;F06;FILTRO COMBUSTIBLE;FILTROS;WA600;KG;ZPAS;1000090385;PICKEADO PARCIAL;;;18/6/2026;;8/7/2026;17/6/2026;;
00374 TERMINAL PUNTA COLORADA;1003104;ZSTO;FILTRO DE AIRE PRIMARIO;CATERPILLA // DONALDSON;225220 // P119373;MR01;374;V1;2;3;F04;FILTRO AIRE;FILTROS;TEREX;KG;ZPAS;1000090385;PICKEADO;;;18/6/2026;;8/7/2026;17/6/2026;;
00374 TERMINAL PUNTA COLORADA;1003105;ZSTO;FILTRO DE AIRE SECUNDARIO;CATERPILLA // DONALDSON;225221 // P182046;MR01;374;V1;2;3;F04;FILTRO AIRE;FILTROS;TEREX;KG;ZPAS;1000090385;PICKEADO;;;18/6/2026;;8/7/2026;17/6/2026;;
00374 TERMINAL PUNTA COLORADA;1003111;ZSTO;FILTRO MOTOR;;84228488 // LF16117;MR01;374;V1;2;4;F03;FILTRO ACEITE;FILTROS;FARMALL A-120;KG;ZPAS;1000090385;PICKEADO;;;18/6/2026;;8/7/2026;17/6/2026;;
00374 TERMINAL PUNTA COLORADA;1003157;ZSTO;KIT FILTROS AIRE PRIMARIO Y SECUNDARIO;KOMATSU HO //;6001852100 // 1106326;MR01;374;V1;2;2;F04;FILTRO AIRE;FILTROS;PC130-8 OM;KG;ZPAS;1000090385;PICKEADO;;;18/6/2026;;8/7/2026;17/6/2026;;
00374 TERMINAL PUNTA COLORADA;1003158;ZSTO;FILTRO DE COMBUSTIBLE;KOMATSU HO;6003193870;MR01;374;V1;2;2;F06;FILTRO COMBUSTIBLE;FILTROS;PC130-8 OM;KG;ZPAS;1000090385;PICKEADO;;;18/6/2026;;8/7/2026;17/6/2026;;
00374 TERMINAL PUNTA COLORADA;1003159;ZSTO;FILTRO TRAMPA DE AGUA;KOMATSU HO //;6003194110 // 6003114120;MR01;374;V1;2;2;F13;FILTRO TRAMPA DE A;FILTROS;PC130-8 OM;KG;ZPAS;1000090385;PICKEADO;;;18/6/2026;;8/7/2026;17/6/2026;;
00374 TERMINAL PUNTA COLORADA;1003160;ZSTO;FILTRO ACEITE MOTOR;KOMATSU HO;6002112111;MR01;374;V1;2;2;F03;FILTRO ACEITE;FILTROS;PC130-8 OM;KG;ZPAS;1000090385;PICKEADO;;;18/6/2026;;8/7/2026;17/6/2026;;
00374 TERMINAL PUNTA COLORADA;1003359;ZSTO;FILTRO DE AIRE PRIMARIO;KOMATSU HO //;2A59791551 // AF55884;MR01;374;V1;3;5;F10;FILTRO HVAC;FILTROS;KOMATSU PC 200-8;KG;ZPAS;1000090385;SIN TRATAMIENTO;;;;;8/7/2026;17/6/2026;;
00374 TERMINAL PUNTA COLORADA;1016537;ZSTO;KIT FILTRO DE AIRE PRIMARIO Y SECUNDARIO;KOMATSU HO // DARMET;6001855100 // VP-3722 + VP-3723;MR01;374;V1;2;2;F04;FILTRO AIRE;FILTROS;PC2000;KG;ZPAS;1000090385;PICKEADO;;;18/6/2026;;8/7/2026;17/6/2026;;
00374 TERMINAL PUNTA COLORADA;1046486;ZSTO;CORREA ALTERNADOR;;6205-61-3580;MR01;374;V1;2;2;C03;EQUIPOS;EQUIPOS;?;KG;ZPAS;1000090385;SIN TRATAMIENTO;;;;;8/7/2026;17/6/2026;;
00374 TERMINAL PUNTA COLORADA;1022812;ZSTO;CORREA COMPRESOR A/A;;04120-21766;MR01;374;V1;2;2;C03;EQUIPOS;EQUIPOS;?;KG;ZPAN;1000090386;SIN TRATAMIENTO;;;;;17/7/2026;17/6/2026;;10152609
00374 TERMINAL PUNTA COLORADA;1001784;ZSTO;ACEITE  HY GARD X 209L;JOHN DEERE;HY GARD;MR01;374;V1;2;4;L01;ACEITES;LUBRICANTES;ACEITES;KG;ZPAS;1000090449;PICKEADO;;;19/6/2026;;10/7/2026;18/6/2026;;
00374 TERMINAL PUNTA COLORADA;1047473;ZSCD;TRIPA P/VIBRADOR DE H° HEXAG. 35MMX3,5M;;;MR01;374;V1;4;8;C27;FERRETERIA MR01;HORMIGON;ACCESORIOS;KG;ZPAN;1000090451;SIN TRATAMIENTO;;;;;18/7/2026;18/6/2026;;10152720
00374 TERMINAL PUNTA COLORADA;1001679;ZSTO;FICHA T.STECK MACHO 220V 16A 2P T XUN;;;MR01;374;V1;15;30;C11;ELECTRICIDAD;ELECTRICIDAD;FICHAS;KG;ZPAS;1000090533;PICKEADO PARCIAL;;;;;13/7/2026;19/6/2026;;
00374 TERMINAL PUNTA COLORADA;1001681;ZSTO;FICHA T.STECK MACHO 380V 32A T N XUN;;;MR01;374;V1;6;10;C11;ELECTRICIDAD;ELECTRICIDAD;FICHAS;KG;ZPAS;1000090533;PICKEADO PARCIAL;;;;;13/7/2026;19/6/2026;;
00374 TERMINAL PUNTA COLORADA;1001687;ZSTO;ANTEOJO INCOLORO;LIBUS // 3M // MSA // STEELPRO //;ECOLINEHC (MÚLT. 10U) // SECUREFIT SF201AF CLEAR // MSA PERSPECTA CLEAR // STEELPRO SPY CLEAR // DEPASCALE-UCU111B;MR01;374;V1;500;800;C28;SEGURIDAD/ROPA/EPP;SEGURIDAD;ACCESORIO SEGURIDAD;KG;ZPAS;1000090533;PICKEADO PARCIAL;;;;;13/7/2026;19/6/2026;;
00374 TERMINAL PUNTA COLORADA;1001720;ZSTO;SEMIMASCARA;3M;6200;MR01;374;V1;5;10;C28;SEGURIDAD/ROPA/EPP;SEGURIDAD;ACCESORIO SEGURIDAD;KG;ZPAS;1000090533;PICKEADO PARCIAL;;;;;13/7/2026;19/6/2026;;
00374 TERMINAL PUNTA COLORADA;1001865;ZSTO;MARCADORINDUSTRIAL-VERDEXUN;UNIPAINT;MÚLT. 10U;MR01;374;V1;48;96;C17;INSUMOS A;LIBRERIA;ESCRITURA;KG;ZPAS;1000090533;PICKEADO PARCIAL;;;;;13/7/2026;19/6/2026;;
00374 TERMINAL PUNTA COLORADA;1001876;ZSTO;CINTA EMBALAR TRANSPARENTE 48MM X 100 MT;SCOTCH;;MR01;374;V1;60;80;C17;INSUMOS A;LIBRERIA;CINTAS ADHESIVAS;KG;ZPAS;1000090533;PICKEADO PARCIAL;;;;;13/7/2026;19/6/2026;;
00374 TERMINAL PUNTA COLORADA;1001879;ZSTO;CINTA DE ENMASCARAR 24 MM XROLLO;;;MR01;374;V1;10;20;C17;INSUMOS A;LIBRERIA;CINTAS ADHESIVAS;KG;ZPAS;1000090533;PICKEADO PARCIAL;;;;;13/7/2026;19/6/2026;;
00374 TERMINAL PUNTA COLORADA;1001896;ZSTO;PULVERIZADOR P ALCOHOL LIQUIDO 500 ML;;;MR01;374;V1;5;10;C17;INSUMOS A;LIMPIEZA;DIFUSOR;KG;ZPAS;1000090533;PICKEADO PARCIAL;;;;;13/7/2026;19/6/2026;;
00374 TERMINAL PUNTA COLORADA;1001943;ZSTO;ADHESIVO CIANO 20 G XUN;CIANO;;MR01;374;V1;5;10;C27;FERRETERIA MR01;FERRETERIA;ADHESIVOS;KG;ZPAS;1000090533;PICKEADO PARCIAL;;;;;13/7/2026;19/6/2026;;
00374 TERMINAL PUNTA COLORADA;1001949;ZSTO;CANDADO 30MM XUN;;;MR01;374;V1;5;10;C27;FERRETERIA MR01;FERRETERIA;ACCESORIOS;KG;ZPAS;1000090533;PICKEADO PARCIAL;;;;;13/7/2026;19/6/2026;;
00374 TERMINAL PUNTA COLORADA;1002060;ZSTO;CAMPERA ABRIGO T. XXL ROJA CON LOGO;No aplica;CON REFLECTIVO T. XXL;MR01;374;V1;15;30;C28;SEGURIDAD/ROPA/EPP;ROPA;INDUMENTARIA;KG;ZPAS;1000090533;PICKEADO PARCIAL;;;;;13/7/2026;19/6/2026;;
00374 TERMINAL PUNTA COLORADA;1001905;ZSTO;DESODORANTE AEROSOL X150ML;;;MR01;374;V1;120;168;C17;INSUMOS A;LIMPIEZA;INSUMOS;KG;ZPAN;1000090537;SIN TRATAMIENTO;;;;;19/7/2026;19/6/2026;;10152857
00374 TERMINAL PUNTA COLORADA;1001909;ZSTO;LUSTRAMUEBLES X360ML;;;MR01;374;V1;48;96;C17;INSUMOS A;LIMPIEZA;INSUMOS;KG;ZPAN;1000090537;SIN TRATAMIENTO;;;;;19/7/2026;19/6/2026;;10152857
00374 TERMINAL PUNTA COLORADA;1016928;ZSSD;FRATACHO PLASTICO C GOMA ESPUMA 30CM;;;MR01;374;V1;5;10;C27;FERRETERIA MR01;FERRETERIA;FERRETERIA;KG;ZPAN;1000090537;SIN TRATAMIENTO;;;;;19/7/2026;19/6/2026;;10152857
00374 TERMINAL PUNTA COLORADA;1016960;ZSSD;RESALTADOR VERDE PUNTA CHANFLEADA;;MÚLT. 10U;MR01;374;CL;10;20;C17;INSUMOS A;LIBRERIA;ESCRITURA;KG;ZPAN;1000090537;ADJUDICADO;4500130818;;;;19/7/2026;19/6/2026;374;10152857
00374 TERMINAL PUNTA COLORADA;1016961;ZSSD;RESALTADOR ROSA PUNTA CHANFLEADA;;MÚLT. 10U;MR01;374;CL;10;20;C17;INSUMOS A;LIBRERIA;ESCRITURA;KG;ZPAN;1000090537;ADJUDICADO;4500130818;;;;19/7/2026;19/6/2026;374;10152857
00374 TERMINAL PUNTA COLORADA;1016962;ZSSD;RESALTADOR NARANJA PUNTA CHANFLEADA;;MÚLT. 10U;MR01;374;CL;10;20;C17;INSUMOS A;LIBRERIA;ESCRITURA;KG;ZPAN;1000090537;ADJUDICADO;4500130818;;;;19/7/2026;19/6/2026;374;10152857
00374 TERMINAL PUNTA COLORADA;1016964;ZSSD;RESALTADOR AMARILLO PUNTA CHANFLEADA;;MÚLT. 10U;MR01;374;CL;10;20;C17;INSUMOS A;LIBRERIA;ESCRITURA;KG;ZPAN;1000090537;ADJUDICADO;4500130818;;;;19/7/2026;19/6/2026;374;10152857
00374 TERMINAL PUNTA COLORADA;1016976;ZSSD;MARCADOR P PIZARRA NEGRO;;MÚLT. 10U;MR01;374;CL;10;20;C17;INSUMOS A;LIBRERIA;ESCRITURA;KG;ZPAN;1000090537;ADJUDICADO;4500130818;;;;19/7/2026;19/6/2026;374;10152857
00374 TERMINAL PUNTA COLORADA;1016977;ZSSD;MARCADOR P PIZARRA AZUL;;MÚLT. 10U;MR01;374;CL;10;20;C17;INSUMOS A;LIBRERIA;ESCRITURA;KG;ZPAN;1000090537;ADJUDICADO;4500130818;;;;19/7/2026;19/6/2026;374;10152857
00374 TERMINAL PUNTA COLORADA;1016995;ZSSD;BROCHES FLEX CON FILO N50 X1000;;;MR01;374;CL;20;40;C17;INSUMOS A;LIBRERIA;LIBRERIA;KG;ZPAN;1000090537;ADJUDICADO;4500130818;;;;19/7/2026;19/6/2026;374;10152857
00374 TERMINAL PUNTA COLORADA;1017005;ZSSD;CADENA PLASTICA ROJA Y BLANCA X ML;;MÚLT. 50/100 MTS;MR01;374;V1;500;1000;C28;SEGURIDAD/ROPA/EPP;SEGURIDAD;SEGURIDAD;KG;ZPAN;1000090537;SIN TRATAMIENTO;;;;;19/7/2026;19/6/2026;;10152857
00374 TERMINAL PUNTA COLORADA;1017022;ZSSD;CUADERNO ESPIRAL CUAD A4 T.SEMIDURA 80HJ;;;MR01;374;CL;5;10;C17;INSUMOS A;LIBRERIA;PAPEL;KG;ZPAN;1000090537;ADJUDICADO;4500130818;;;;19/7/2026;19/6/2026;374;10152857
00374 TERMINAL PUNTA COLORADA;1017034;ZSSD;TIJERA 17 CM C MANGO PLASTICO;;;MR01;374;CL;2;4;C17;INSUMOS A;LIBRERIA;ACCESORIOS;KG;ZPAN;1000090537;ADJUDICADO;4500130818;;;;19/7/2026;19/6/2026;374;10152857
00374 TERMINAL PUNTA COLORADA;1017037;ZSSD;MARCADOR P PIZARRA VERDE;;MÚLT. 10U;MR01;374;CL;5;10;C17;INSUMOS A;LIBRERIA;ESCRITURA;KG;ZPAN;1000090537;ADJUDICADO;4500130818;;;;19/7/2026;19/6/2026;374;10152857
00374 TERMINAL PUNTA COLORADA;1017148;ZSSD;BARRETA SACACLAVOS 19X400;;;MR01;374;V1;2;4;C27;FERRETERIA MR01;FERRETERIA;INSUMOS;KG;ZPAN;1000090537;SIN TRATAMIENTO;;;;;19/7/2026;19/6/2026;;10152857
00374 TERMINAL PUNTA COLORADA;1017149;ZSSD;BARRETA SACACLAVOS 19X600;;;MR01;374;V1;2;4;C27;FERRETERIA MR01;FERRETERIA;INSUMOS;KG;ZPAN;1000090537;SIN TRATAMIENTO;;;;;19/7/2026;19/6/2026;;10152857
00374 TERMINAL PUNTA COLORADA;1047284;ZSCD;MECHA WIDIA SDS PLUS Ø10MM 450MM;;;MR01;374;V1;2;4;C27;FERRETERIA MR01;FERRETERIA;ACCESORIOS;KG;ZPAN;1000090537;SIN TRATAMIENTO;;;;;19/7/2026;19/6/2026;;10152857
00374 TERMINAL PUNTA COLORADA;1047515;ZSCD;TANZA 1MM AMARILLA XROLLO 80M;;;MR01;374;V1;20;40;C27;FERRETERIA MR01;FERRETERIA;INSUMOS;KG;ZPAN;1000090537;SIN TRATAMIENTO;;;;;19/7/2026;19/6/2026;;10152857
00374 TERMINAL PUNTA COLORADA;1047703;ZSCD;CHALECO REFLECT. NARANJA C2 C/LOGO T.3XL;;;MR01;374;V1;8;16;C28;SEGURIDAD/ROPA/EPP;INDUMENTARIA;EPP;KG;ZPAN;1000090537;SIN TRATAMIENTO;;;;;19/7/2026;19/6/2026;;10152857
00374 TERMINAL PUNTA COLORADA;1054306;ZSCD;AEROSOL BASE AGUA AZUL X440CC;;;MR01;374;V1;96;240;C22;INSUMOS C;INSUMOS;?;KG;ZPAN;1000090537;SIN TRATAMIENTO;;;;;19/7/2026;19/6/2026;;10152857
00374 TERMINAL PUNTA COLORADA;1055223;ZSCD;MAZA VOLEO AC. FORJ. C/CABO PLAST. 10KG;;;MR01;374;V1;2;4;C27;FERRETERIA MR01;FERRETERIA;?;KG;ZPAN;1000090537;SIN TRATAMIENTO;;;;;19/7/2026;19/6/2026;;10152857
00374 TERMINAL PUNTA COLORADA;1016965;ZSSD;PORTABLOCK ACRILICO C CLIP SUPERIOR;;;MR01;374;CL;15;25;C17;INSUMOS A;LIBRERIA;ACCESORIOS;KG;ZPAN;1000090552;ADJUDICADO;4500130818;;;;19/7/2026;19/6/2026;374;10152872
00374 TERMINAL PUNTA COLORADA;1016967;ZSSD;PERFORADORA MET MIT 40-45 HJ C REGLA;;;MR01;374;CL;2;2;C17;INSUMOS A;LIBRERIA;LIBRERIA;KG;ZPAN;1000090552;ADJUDICADO;4500130818;;;;19/7/2026;19/6/2026;374;10152872
00374 TERMINAL PUNTA COLORADA;1016968;ZSSD;PERFORADORA MET MIT 20-25 HJ C REGLA;;;MR01;374;CL;2;2;C17;INSUMOS A;LIBRERIA;LIBRERIA;KG;ZPAN;1000090552;ADJUDICADO;4500130818;;;;19/7/2026;19/6/2026;374;10152872
00374 TERMINAL PUNTA COLORADA;1016975;ZSSD;MARCADOR P PIZARRA ROJO;;MÚLT. 10U;MR01;374;CL;10;20;C17;INSUMOS A;LIBRERIA;ESCRITURA;KG;ZPAN;1000090552;ADJUDICADO;4500130818;;;;19/7/2026;19/6/2026;374;10152872
00374 TERMINAL PUNTA COLORADA;1017021;ZSSD;CUADERNO ESPIRAL CUAD A4 T.DURA 80 HJ;;;MR01;374;CL;5;10;C17;INSUMOS A;LIBRERIA;LIBRERIA;KG;ZPAN;1000090552;SIN TRATAMIENTO;;;;;19/7/2026;19/6/2026;;10152872
00374 TERMINAL PUNTA COLORADA;1017023;ZSSD;CUADERNO ESPIRAL RAY A4 T.DURA 80 HJ;;;MR01;374;CL;5;10;C17;INSUMOS A;LIBRERIA;ESCRITURA;KG;ZPAN;1000090552;ADJUDICADO;4500130818;;;;19/7/2026;19/6/2026;374;10152872
00374 TERMINAL PUNTA COLORADA;1056088;ZSTO;BOLIGRAFO TRAZO GRUESO NEGRO;;;MR01;374;V1;75;100;C17;INSUMOS A;;;KG;ZPAN;1000090552;ADJUDICADO;4500130818;;;;19/7/2026;19/6/2026;374;10152872
00374 TERMINAL PUNTA COLORADA;1056101;ZSTO;CEPILLO VIOLIN P/LAVAR COCHES;;;MR01;374;V1;15;30;C17;INSUMOS A;;;KG;ZPAN;1000090552;CUMPLIDO PARCIAL;4500130819;20/6/2026;20/6/2026;20/6/2026;19/7/2026;19/6/2026;374;10152872
00374 TERMINAL PUNTA COLORADA;1056106;ZSTO;BLOCK ESPIRAL CUADRIC A5 X70HS;;;MR01;374;V1;24;48;C17;INSUMOS A;;;KG;ZPAN;1000090552;ADJUDICADO;4500130818;;;;19/7/2026;19/6/2026;374;10152872
00223 Comp Amb Santa Fe;1001673;ZSTO;ALAMBRE 1.42MM NEGRO RECOCIDO P ATAR XKG;;MÚLT. 45/50 KG;MR01;223;V1;30;68;C08;ACERO;ACEROS;ALAMBRES;KG;SIN PEDIDO;;;;;;;;;;
00223 Comp Amb Santa Fe;1001744;ZSTO;BOTA GOMA P.ACERO N 40;;;MR01;223;V1;2;3;C28;SEGURIDAD/ROPA/EPP;SEGURIDAD;CALZADO;KG;SIN PEDIDO;;;;;;;;;;
00223 Comp Amb Santa Fe;1001745;ZSTO;BOTA GOMA P.ACERO N 41;;;MR01;223;V1;2;3;C28;SEGURIDAD/ROPA/EPP;SEGURIDAD;CALZADO;KG;SIN PEDIDO;;;;;;;;;;
00223 Comp Amb Santa Fe;1001747;ZSTO;BOTA GOMA P.ACERO N 43;;;MR01;223;V1;2;3;C28;SEGURIDAD/ROPA/EPP;SEGURIDAD;CALZADO;KG;SIN PEDIDO;;;;;;;;;;
00223 Comp Amb Santa Fe;1001748;ZSTO;BOTA GOMA P.ACERO N 44;;;MR01;223;V1;2;3;C28;SEGURIDAD/ROPA/EPP;SEGURIDAD;CALZADO;KG;SIN PEDIDO;;;;;;;;;;
00223 Comp Amb Santa Fe;1001756;ZSTO;BOTIN MARRON/NEGRO FLOR P.ACERO N 40;CONWORK // VORAN // CALZADOS A // // // // BORIS;53BAF // CRONOS N T40 // ESCORPIO PRUS 1050 T40 // RINGO MOD BOLT TALLE 40 // RINGO-MOD PUNCH TALLE 40 // SKIWAY MOD. 3243 T40 // 3305 T40;MR01;223;V1;2;3;C28;SEGURIDAD/ROPA/EPP;SEGURIDAD;CALZADO;KG;SIN PEDIDO;;;;;;;;;;
00223 Comp Amb Santa Fe;1001757;ZSTO;BOTIN MARRON/NEGRO FLOR P.ACERO N 41;CONWORK // VORAN // CALZADOS A // // // // BORIS;53BAF // CRONOS N T41 // ESCORPIO PRUS 1050 T41 // RINGO MOD BOLT TALLE 41 // RINGO-MOD PUNCH TALLE 41 // SKIWAY MOD. 3243 T41 // 3305 T41;MR01;223;V1;1;2;C28;SEGURIDAD/ROPA/EPP;SEGURIDAD;CALZADO;KG;SIN PEDIDO;;;;;;;;;;
00223 Comp Amb Santa Fe;1001760;ZSTO;BOTINMARRON/NEGRO FLOR P.ACERO N 44;CONWORK // VORAN // CALZADOS A // // // BORIS;53BAF // CRONOS N T44 // ESCORPIO PRUS 1050 T44 // RINGO MOD BOLT TALLE 44 // RINGO-MOD PUNCH TALLE 44 // 3305 T44;MR01;223;V1;2;3;C28;SEGURIDAD/ROPA/EPP;SEGURIDAD;CALZADO;KG;SIN PEDIDO;;;;;;;;;;
00223 Comp Amb Santa Fe;1001767;ZSTO;ZAPATILLA P.ACERO N 43;FUNCIONAL // VORAN // CONWORK;LANDERBROWN // ENERGY N43 // 655ZA N43;MR01;223;V1;1;2;C28;SEGURIDAD/ROPA/EPP;SEGURIDAD;CALZADO;KG;SIN PEDIDO;;;;;;;;;;
00223 Comp Amb Santa Fe;1001791;ZSTO;ACEITE SAE 30 X 205L;YPF S.A. // YPF S.A. // YPF S.A.;FT SUPER 30 TR // 151692;MR01;223;V1;1;2;L01;ACEITES;LUBRICANTES;ACEITES;KG;SIN PEDIDO;;;;;;;;;;
00223 Comp Amb Santa Fe;1001801;ZSTO;ACEITE 80W X 205L;M-LUBE;GXA;MR01;223;V1;1;2;L01;ACEITES;LUBRICANTES;ACEITES;KG;SIN PEDIDO;;;;;;;;;;
00223 Comp Amb Santa Fe;1001805;ZSTO;GRASA PARA RODAMIENTO X1KG;SKF // SHELL PLC. //;LGWA2MA // GADAUS S2 V220 2 // MOBILGREASE MP;MR01;223;V1;1;2;L03;GRASAS;LUBRICANTES;GRASA;KG;SIN PEDIDO;;;;;;;;;;
00223 Comp Amb Santa Fe;1001823;ZSTO;ACEITE F50 5W40 X 20 L;ELAION // ELAION // YPF S.A.;F50 5W40 // FS540 // 151792;MR01;223;V1;1;2;L01;ACEITES;LUBRICANTES;AMAROK-HILUX;KG;SIN PEDIDO;;;;;;;;;;
00223 Comp Amb Santa Fe;1001949;ZSTO;CANDADO 30MM XUN;;;MR01;223;V1;2;5;C27;FERRETERIA MR01;FERRETERIA;ACCESORIOS;KG;SIN PEDIDO;;;;;;;;;;
00223 Comp Amb Santa Fe;1002009;ZSTO;CAMISA JEAN T.56 C LOGO;;;MR01;223;V1;2;3;C28;SEGURIDAD/ROPA/EPP;ROPA;INDUMENTARIA;KG;SIN PEDIDO;;;;;;;;;;
00223 Comp Amb Santa Fe;1002017;ZSTO;PANTALON JEAN T.50;;;MR01;223;V1;2;3;C28;SEGURIDAD/ROPA/EPP;ROPA;INDUMENTARIA;KG;SIN PEDIDO;;;;;;;;;;
00223 Comp Amb Santa Fe;1002018;ZSTO;PANTALON JEAN T.52;;;MR01;223;V1;1;2;C28;SEGURIDAD/ROPA/EPP;ROPA;INDUMENTARIA;KG;SIN PEDIDO;;;;;;;;;;
00223 Comp Amb Santa Fe;1002022;ZSTO;PANTALON JEAN T.60;;;MR01;223;V1;1;2;C28;SEGURIDAD/ROPA/EPP;ROPA;INDUMENTARIA;KG;SIN PEDIDO;;;;;;;;;;
00223 Comp Amb Santa Fe;1002046;ZSTO;CAMISETA PRIMERA PIEL T.XL;;;MR01;223;V1;1;2;C28;SEGURIDAD/ROPA/EPP;SEGURIDAD;INDUMENTARIA;KG;SIN PEDIDO;;;;;;;;;;
00223 Comp Amb Santa Fe;1002086;ZSTO;TRAJE DE LLUVIA T.L;;;MR01;223;V1;2;3;C28;SEGURIDAD/ROPA/EPP;ROPA;INDUMENTARIA;KG;SIN PEDIDO;;;;;;;;;;
00223 Comp Amb Santa Fe;1002090;ZSTO;CAPA DE LLUVIA T.XL;;;MR01;223;V1;1;2;C28;SEGURIDAD/ROPA/EPP;ROPA;INDUMENTARIA;KG;SIN PEDIDO;;;;;;;;;;
00223 Comp Amb Santa Fe;1002472;ZSTO;FILTRO COMBUSTIBLE XUN;JOHN DEERE // JOHN DEERE;RE529643 // RE541922;MR01;223;V1;3;6;F06;FILTRO COMBUSTIBLE;FILTROS;PARA 544J 544;KG;SIN PEDIDO;;;;;;;;;;
00223 Comp Amb Santa Fe;1002473;ZSTO;FILTRO COMBUSTUBLE XUN;JOHN DEERE;RE522878;MR01;223;V1;3;6;F06;FILTRO COMBUSTIBLE;FILTROS;JD 544J, 544K;KG;SIN PEDIDO;;;;;;;;;;
00223 Comp Amb Santa Fe;1002514;ZSTO;FILTRO ACEITE;JOHN DEERE // JOHN DEERE;RE541420 // RE504836;MR01;223;V1;3;6;F03;FILTRO ACEITE;FILTROS;J.D. 544K/310J;KG;SIN PEDIDO;;;;;;;;;;
00223 Comp Amb Santa Fe;1002515;ZSTO;FILTRO ACEITE XUN;JOHN DEERE // JOHN DEERE //;RE521420 // DZ101884 // DZ118283;MR01;223;V1;1;2;F03;FILTRO ACEITE;FILTROS;JD 850J;KG;SIN PEDIDO;;;;;;;;;;
00223 Comp Amb Santa Fe;1002527;ZSTO;FILTRO AIRE CABINA;CATERPILLA // CATERPILLA;2457823 // 5460006;MR01;223;V1;2;3;F05;FILTRO AIRE CABINA;FILTROS;CAT 324DL;KG;SIN PEDIDO;;;;;;;;;;
00223 Comp Amb Santa Fe;1002529;ZSTO;FILTRO HIDRAULICO DE RETORNO XUN;JOHN DEERE // JOHN DEERE;AT335977 // AT545968;MR01;223;V1;2;3;F07;FILTRO FLUIDO HIDR;FILTROS;JD 544K;KG;SIN PEDIDO;;;;;;;;;;
00223 Comp Amb Santa Fe;1002532;ZSTO;FILTRO RESPIRADERO XUN;JOHN DEERE;AT223493;MR01;223;V1;2;5;F04;FILTRO AIRE;FILTROS;J.D.544K;KG;SIN PEDIDO;;;;;;;;;;
00223 Comp Amb Santa Fe;1002541;ZSTO;FILTRO DE LINEA XUN;JOHN DEERE;AT101565;MR01;223;V1;1;2;F04;FILTRO AIRE;FILTROS;JOHN DEERE;KG;SIN PEDIDO;;;;;;;;;;
00223 Comp Amb Santa Fe;1002543;ZSTO;FILTRO AIRE X UN;JOHN DEERE;AT191102;MR01;223;V1;5;11;F04;FILTRO AIRE;FILTROS;CABINA J.D. 544K;KG;SIN PEDIDO;;;;;;;;;;
00223 Comp Amb Santa Fe;1002546;ZSTO;FILTRO HIDRAULICO;JOHN DEERE //;AT308274 // AT367840;MR01;223;V1;1;2;F04;FILTRO AIRE;FILTROS;FILTROS;KG;SIN PEDIDO;;;;;;;;;;
00223 Comp Amb Santa Fe;1002547;ZSTO;FILTRO HIDRAULICO X UN;CATERPILLA // CATERPILLA;1262081 // 1799806;MR01;223;V1;1;2;F07;FILTRO FLUIDO HIDR;FILTROS;CAT 336 DLME, 390;KG;SIN PEDIDO;;;;;;;;;;
00223 Comp Amb Santa Fe;1002566;ZSTO;FILTRO LINEA COMBUSTIBLE;FLEETGUARD // FLEETGUARD // FLEETGUARD // DONALDSON // // FLEETGUARD;FF5079 // FF5006 // FS5288 // P550090 // P550974 // 4080720;MR01;223;V1;2;3;F07;FILTRO FLUIDO HIDR;FILTROS;FILTROS;KG;SIN PEDIDO;;;;;;;;;;
00223 Comp Amb Santa Fe;1002569;ZSTO;FILTRO RESPIRADERO TANQUE HIDRAULICO XUN;JOHN DEERE;AM39653;MR01;223;V1;2;3;F04;FILTRO AIRE;FILTROS;JD 544K;KG;SIN PEDIDO;;;;;;;;;;
00223 Comp Amb Santa Fe;1002606;ZSTO;FILTRO COMBUSTIBLE X UN;JOHN DEERE;AT365869;MR01;223;V1;1;2;F06;FILTRO COMBUSTIBLE;FILTROS;JD 850J;KG;SIN PEDIDO;;;;;;;;;;
00223 Comp Amb Santa Fe;1002607;ZSTO;FILTRO RETORNO ACEITE HIDRAULICO;JOHN DEERE;T175002;MR01;223;V1;1;2;F07;FILTRO FLUIDO HIDR;FILTROS;JD 850J;KG;SIN PEDIDO;;;;;;;;;;
00223 Comp Amb Santa Fe;1002609;ZSTO;FILTRO AIRE PRIMARIO;JOHN DEERE;AT223226;MR01;223;V1;2;3;F04;FILTRO AIRE;FILTROS;JD 850J;KG;SIN PEDIDO;;;;;;;;;;
00223 Comp Amb Santa Fe;1002621;ZSTO;FILTRO AIRE 1 XUN;JOHN DEERE;AT300487;MR01;223;V1;2;3;F04;FILTRO AIRE;FILTROS;JD. 544K;KG;SIN PEDIDO;;;;;;;;;;
00223 Comp Amb Santa Fe;1002623;ZSTO;FILTRO AIRE 2 XUN;JOHN DEERE;AT314583;MR01;223;V1;2;3;F04;FILTRO AIRE;FILTROS;JOHN DEERE;KG;SIN PEDIDO;;;;;;;;;;
00223 Comp Amb Santa Fe;1002727;ZSTO;FILTRO AIRE CABINA XUN;KOMATSU HO // DONALDSON;17M9113530 // P500138;MR01;223;V1;1;2;F05;FILTRO AIRE CABINA;FILTROS;KMS 155AX6;KG;SIN PEDIDO;;;;;;;;;;
00223 Comp Amb Santa Fe;1002738;ZSTO;Filtro Aceite Motor;FLEETGUARD // DONALDSON;LF3345 // P558616;MR01;223;V1;1;2;F03;FILTRO ACEITE;FILTROS;ONAN 40DGCA;KG;SIN PEDIDO;;;;;;;;;;
00223 Comp Amb Santa Fe;1002745;ZSTO;FILTRO AIRE CABINA;CATERPILLA // CATERPILLA // CATERPILLA;2931183 // 3050329 // 4I1278;MR01;223;V1;2;3;F05;FILTRO AIRE CABINA;FILTROS;CAT 336 DLME;KG;SIN PEDIDO;;;;;;;;;;
00223 Comp Amb Santa Fe;1002766;ZSTO;FILTRO COMBUSTIBLE;KOMATSU HO // //;4216035170 // AF4167 // P502574;MR01;223;V1;1;2;F06;FILTRO COMBUSTIBLE;FILTROS;WA600;KG;SIN PEDIDO;;;;;;;;;;
00223 Comp Amb Santa Fe;1002807;ZSTO;FILTRO;MANN // MANN;V733S // CF 600;MR01;223;V1;1;2;C29;FILTROS/RESPUESTOS;FILTROS;GRUPO ELECTROGENO ONAN 40-DG;KG;SIN PEDIDO;;;;;;;;;;
00223 Comp Amb Santa Fe;1002832;ZSTO;FILTRO COMBUSTIBLE;FLEETGUARD // // FLEETGUARD // DONALDSON // MANN;2RK127177A // DB0519 // FF5052 // P553004 // WK723;MR01;223;V1;2;3;F06;FILTRO COMBUSTIBLE;FILTROS;VW 26260 - ONAN;KG;SIN PEDIDO;;;;;;;;;;
00223 Comp Amb Santa Fe;1002836;ZSTO;FILTRO AIRE XUN;TOYOTA ARG;178010C01000;MR01;223;V1;1;2;F04;FILTRO AIRE;FILTROS;HILUX 3.00;KG;SIN PEDIDO;;;;;;;;;;
00223 Comp Amb Santa Fe;1002837;ZSTO;FILTRO COMBUSTIBLE;TOYOTA ARG // TOYOTA ARG;233900L04100 // 233920L0100;MR01;223;V1;1;2;F06;FILTRO COMBUSTIBLE;FILTROS;PARA HILUX 3.00;KG;SIN PEDIDO;;;;;;;;;;
00223 Comp Amb Santa Fe;1002838;ZSTO;FILTRO ACEITE;TOYOTA ARG // TOYOTA ARG;909152000300 // 90915YZZD2;MR01;223;V1;2;3;F03;FILTRO ACEITE;FILTROS;PARA HILUX;KG;SIN PEDIDO;;;;;;;;;;
00223 Comp Amb Santa Fe;1002873;ZSTO;FILTRO DE AIRE;DARMET;V733;MR01;223;V1;1;2;F04;FILTRO AIRE;FILTROS;GRUPO ELECTROGENO ONAN 40-DG;KG;SIN PEDIDO;;;;;;;;;;
00223 Comp Amb Santa Fe;1002901;ZSTO;FILTRO ACEITE;FLEETGUARD // DONALDSON // KOMATSU HO;LF9009 // P553000 // 6742014540;MR01;223;V1;1;2;F03;FILTRO ACEITE;FILTROS;VW 31-320 - 19360;KG;SIN PEDIDO;;;;;;;;;;
00223 Comp Amb Santa Fe;1002902;ZSTO;FILTRO HABITACULO XUN;TOYOTA ARG;871390K010;MR01;223;V1;1;2;F05;FILTRO AIRE CABINA;FILTROS;HILUX;KG;SIN PEDIDO;;;;;;;;;;
00223 Comp Amb Santa Fe;1002908;ZSTO;FILTRO TRANSIMISION HIDRAULICO XUN;JOHN DEERE;AT367635;MR01;223;V1;1;2;F07;FILTRO FLUIDO HIDR;FILTROS;JD 524;KG;SIN PEDIDO;;;;;;;;;;
00223 Comp Amb Santa Fe;1002922;ZSTO;FILTRO ACEITE TRANSMISIÓN DIFERENCIAL;JOHN DEERE;AT335492;MR01;223;V1;1;2;F03;FILTRO ACEITE;FILTROS;JD 644K, 544K;KG;SIN PEDIDO;;;;;;;;;;
00223 Comp Amb Santa Fe;1002923;ZSTO;FILTRO COMBUSTIBLE;BOMAG GMBH // DONALDSON;5716779 // P554620;MR01;223;V1;1;2;F06;FILTRO COMBUSTIBLE;FILTROS;BW24RH;KG;SIN PEDIDO;;;;;;;;;;
00223 Comp Amb Santa Fe;1002931;ZSTO;FILTRO ACEITE;VOLVO CONS // VOLVO MAQU // FLEETGUARD // VOLVO CONS // VOLVO CONS;P21707133 // 17533660 // LF667 // VOE478736 // 23658092;MR01;223;V1;4;9;F03;FILTRO ACEITE;FILTROS;VOLVO 330 // VOLVO L260H;KG;SIN PEDIDO;;;;;;;;;;
00223 Comp Amb Santa Fe;1002932;ZSTO;FILTRO ACEITE;VOLVO CONS // VOLVO CONS;P21707132 // VOE477556;MR01;223;V1;4;8;F03;FILTRO ACEITE;FILTROS;VOLVO L260H;KG;SIN PEDIDO;;;;;;;;;;
00223 Comp Amb Santa Fe;1003026;ZSTO;FILTRO SEPARADOR DE AGUA;FLEETGUARD // FLEETGUARD // DONALDSON;FS19652 // FS1280 // P551329;MR01;223;V1;1;2;F13;FILTRO TRAMPA DE A;FILTROS;ONAN C66D5;KG;SIN PEDIDO;;;;;;;;;;
00223 Comp Amb Santa Fe;1003029;ZSTO;FILTRO DE AIRE PRIMARIO CAT;CATERPILLA // CATERPILLA // CATERPILLA;4578206 // 5206407 // 5287222;MR01;223;V1;2;3;F04;FILTRO AIRE;FILTROS;CAT 320;KG;SIN PEDIDO;;;;;;;;;;
00223 Comp Amb Santa Fe;1003030;ZSTO;FILTRO DE AIRE SECUNDARIO;CATERPILLA // CATERPILLA;4470761 // 5290132;MR01;223;V1;2;3;F04;FILTRO AIRE;FILTROS;CAT 320;KG;SIN PEDIDO;;;;;;;;;;
00223 Comp Amb Santa Fe;1003031;ZSTO;FILTRO DE COMBUSTIBLE;CATERPILLA;1R1804;MR01;223;V1;2;3;F06;FILTRO COMBUSTIBLE;FILTROS;CAT;KG;SIN PEDIDO;;;;;;;;;;
00223 Comp Amb Santa Fe;1003032;ZSTO;FILTRO TRAMPA DE AGUA;CATERPILLA;4385386;MR01;223;V1;2;3;F13;FILTRO TRAMPA DE A;FILTROS;CAT;KG;SIN PEDIDO;;;;;;;;;;
00223 Comp Amb Santa Fe;1003033;ZSTO;FILTRO DE ACEITE MOTOR;CATERPILLA;3223155;MR01;223;V1;2;3;F03;FILTRO ACEITE;FILTROS;CAT 323;KG;SIN PEDIDO;;;;;;;;;;
00223 Comp Amb Santa Fe;1003057;ZSTO;ELEMENTO FILTRO DE AIRE PRIMARIO;JOHN DEERE;AT175223;MR01;223;V1;1;2;F04;FILTRO AIRE;FILTROS;MOTONIVELADORA JD 770 G;KG;SIN PEDIDO;;;;;;;;;;
00223 Comp Amb Santa Fe;1003058;ZSTO;KIT FILTRO COMBUSTIBLE COMPLETO;JOHN DEERE // JOHN DEERE;RE525523 // RE52090652323;MR01;223;V1;1;2;F06;FILTRO COMBUSTIBLE;FILTROS;MOTONIVELADORA JD 770 G;KG;SIN PEDIDO;;;;;;;;;;
00223 Comp Amb Santa Fe;1003087;ZSTO;FILTRO COMBUSTIBLE;TOYOTA ARG //;233900L07000 // 233900L100;MR01;223;V1;1;2;F06;FILTRO COMBUSTIBLE;FILTROS;HILUX 2017;KG;SIN PEDIDO;;;;;;;;;;
00223 Comp Amb Santa Fe;1003088;ZSTO;FILTRO AIRE;TOYOTA ARG // TOYOTA ARG;178010L04000 // 178010E030;MR01;223;V1;1;2;F04;FILTRO AIRE;FILTROS;HILUX 2017;KG;SIN PEDIDO;;;;;;;;;;
00223 Comp Amb Santa Fe;1003089;ZSTO;FILTRO DE CABINA;TOYOTA ARG;871390K080;MR01;223;V1;1;2;F05;FILTRO AIRE CABINA;FILTROS;HILUX 2017;KG;SIN PEDIDO;;;;;;;;;;
00223 Comp Amb Santa Fe;1003093;ZSTO;FILTRO DE COMBUSTIBLE;VOLVO CONS // VOLVO CONS;P22480372 // VOE15126069;MR01;223;V1;4;8;F06;FILTRO COMBUSTIBLE;FILTROS;VOLVO FM460;KG;SIN PEDIDO;;;;;;;;;;
00223 Comp Amb Santa Fe;1003094;ZSTO;FILTRO DE DRENAJE BOMBA;VOLVO CONS // // No aplica;21392404 // 20580233 // 7632141111;MR01;223;V1;1;2;F07;FILTRO FLUIDO HIDR;FILTROS;VOLVO 330 // VOLVO FM460;KG;SIN PEDIDO;;;;;;;;;;
00223 Comp Amb Santa Fe;1003095;ZSTO;FILTRO TRAMPA DE AGUA COMBUSTIBLE;PARKER RAC //;21925732 // 23662435;MR01;223;V1;4;8;F13;FILTRO TRAMPA DE A;FILTROS;VOLVO FM460;KG;SIN PEDIDO;;;;;;;;;;
00223 Comp Amb Santa Fe;1003096;ZSTO;FILTRO DE AIRE TANQUE DE COMBUSTIBLE;VOLVO CONS // DONALDSON;21743197 // P954869;MR01;223;V1;4;8;F06;FILTRO COMBUSTIBLE;FILTROS;VOLVO 330 // VOLVO FM460;KG;SIN PEDIDO;;;;;;;;;;
00223 Comp Amb Santa Fe;1003097;ZSTO;FILTRO DE AIRE PRIMARIO;VOLVO CONS;21337557;MR01;223;V1;4;8;F04;FILTRO AIRE;FILTROS;VOLVO FM460;KG;SIN PEDIDO;;;;;;;;;;
00223 Comp Amb Santa Fe;1003125;ZSTO;FILTRO SECADOR DE AIRE;VOLVO CONS;21620181;MR01;223;V1;1;2;F11;FILTRO SECADOR DE;FILTROS;VOLVO 330;KG;SIN PEDIDO;;;;;;;;;;
00223 Comp Amb Santa Fe;1003126;ZSTO;FILTRO SECADO DE AIRE;VOLVO CONS // VOLVO CONS // VOLVO CONS //;21412848 // 22223804 // 23260134 // 23690622;MR01;223;V1;2;3;F11;FILTRO SECADOR DE;FILTROS;VOLVO FM460;KG;SIN PEDIDO;;;;;;;;;;
00223 Comp Amb Santa Fe;1003138;ZSTO;FILTRO DE COMBUSTIBLE;KOMATSU HO // KOMATSU HO;6003193750 // 6003113750;MR01;223;V1;1;2;F06;FILTRO COMBUSTIBLE;FILTROS;KOMATSU PC 200-8;KG;SIN PEDIDO;;;;;;;;;;
00223 Comp Amb Santa Fe;1003139;ZSTO;FILTRO HIDRAULICO;KOMATSU HO;2076071183;MR01;223;V1;1;2;F07;FILTRO FLUIDO HIDR;FILTROS;KOMATSU PC 200-8;KG;SIN PEDIDO;;;;;;;;;;
00223 Comp Amb Santa Fe;1003164;ZSTO;FILTRO DE BOMBA SIST. UREA;VOLVO CONS;20877958;MR01;223;V1;1;2;F09;FILTRO DE UREA;FILTROS;VOLVO 330;KG;SIN PEDIDO;;;;;;;;;;
00223 Comp Amb Santa Fe;1003233;ZSTO;FILTRO HIDRAULICO VENTILACION;KOMATSU HO;22B6011160;MR01;223;V1;1;2;F07;FILTRO FLUIDO HIDR;FILTROS;KOM D155 AX-6;KG;SIN PEDIDO;;;;;;;;;;
00223 Comp Amb Santa Fe;1003246;ZSTO;FILTRO DE TANQUE HIDRAULICO;REMOLQUES // HIFI FILTE;14896990 // SH 93214;MR01;223;V1;1;2;F07;FILTRO FLUIDO HIDR;FILTROS;VOLCADORA OMBU;KG;SIN PEDIDO;;;;;;;;;;
00223 Comp Amb Santa Fe;1003276;ZSTO;FILTRO TANQUE HIDRAULICO;PARKER // No aplica //;921999 // K22001 // P551551;MR01;223;V1;1;2;F07;FILTRO FLUIDO HIDR;FILTROS;VOLCADORA MILICIC // VOLVO 330;KG;SIN PEDIDO;;;;;;;;;;
00223 Comp Amb Santa Fe;1003302;ZSTO;FILTRO ACEITE CAJA DE CAMBIO;VOLVO CONS // VOLVO CONS;20779040 // 24283117;MR01;223;V1;1;2;F03;FILTRO ACEITE;FILTROS;VOLVO 460 FMX;KG;SIN PEDIDO;;;;;;;;;;
00223 Comp Amb Santa Fe;1003359;ZSTO;FILTRO DE AIRE PRIMARIO;KOMATSU HO //;2A59791551 // AF55884;MR01;223;V1;1;2;F10;FILTRO HVAC;FILTROS;KOMATSU PC 200-8;KG;SIN PEDIDO;;;;;;;;;;
00223 Comp Amb Santa Fe;1016537;ZSTO;KIT FILTRO DE AIRE PRIMARIO Y SECUNDARIO;KOMATSU HO // DARMET;6001855100 // VP-3722 + VP-3723;MR01;223;V1;1;2;F04;FILTRO AIRE;FILTROS;PC2000;KG;SIN PEDIDO;;;;;;;;;;
00314 CASA Olavarría;1001773;ZSTO;CHALECOMICROPERFAMARILLOCONREFLECTIVO;;;MR01;314;V1;95;165;C28;SEGURIDAD/ROPA/EPP;SEGURIDAD;INDUMENTARIA;KG;SIN PEDIDO;;;;;;;;;;
00314 CASA Olavarría;1001917;ZSTO;ESCOBILLON PLASTICO SIN CABO;;;MR01;314;V1;1;2;C17;INSUMOS A;LIMPIEZA;INSUMOS;KG;SIN PEDIDO;;;;;;;;;;
00314 CASA Olavarría;1003466;ZSTO;PERTIGA 3.4M-3.7MC/LED/BANDSOP12/24v xUN;MAXWHIP;CON LED Y BANDERILLA C/SOPORTE 12V;MR01;314;V1;1;3;C03;EQUIPOS;REPUESTOS;AUTOMOTOR;KG;SIN PEDIDO;;;;;;;;;;
00314 CASA Olavarría;1026411;ZSCD;DEKASOL KAISER XLT;;;MR01;314;V1;26;45;C17;INSUMOS A;LIMPIEZA;LIMPIEZA /SEGURIDAD;KG;SIN PEDIDO;;;;;;;;;;
00314 CASA Olavarría;1026806;ZSTO;PILA ALCALINA AAA x UN;;ENERGIZER/DURACELL (MÚLT. 4U);MR01;314;V1;15;27;C05;INFORMÁT.-HARDWARE;INSUMOS;LIBRERIA;KG;SIN PEDIDO;;;;;;;;;;
00314 CASA Olavarría;1001801;ZSTO;ACEITE 80W X 205L;M-LUBE;GXA;MM01;26;RE;1;2;L01;ACEITES;LUBRICANTES;ACEITES;KG;SIN PEDIDO;;;;;;;;;;
00314 CASA Olavarría;1002101;ZSTO;CORREA ALTERNADOR STRAL;CNH // CNH;5801361410 // 500341810;MM01;26;RE;1;2;C03;EQUIPOS;CORREAS;AUTOMOTOR;KG;SIN PEDIDO;;;;;;;;;;
00314 CASA Olavarría;1002113;ZSTO;CORREA DISTRIBUCION ORIG TORRE WACK;;WAN5000155697;MM01;26;RE;1;2;C29;FILTROS/RESPUESTOS;CORREAS;TORRE ILUMINACION DAYCO113;KG;SIN PEDIDO;;;;;;;;;;
00314 CASA Olavarría;1002114;ZSTO;CORREA ALTERNADOR 850MM ORIG;LOMBARDINI;WAN5200002703;MM01;26;RE;1;2;C29;FILTROS/RESPUESTOS;CORREAS;TORRE WACKER;KG;SIN PEDIDO;;;;;;;;;;
00314 CASA Olavarría;1002164;ZSTO;CORREA MOTOR VW 31-320 CONSTELATION XUN;CONTINENTA;8PK1980;MM01;26;RE;1;2;C29;FILTROS/RESPUESTOS;CORREAS;VW 31-320 CONSTELATION;KG;SIN PEDIDO;;;;;;;;;;
00314 CASA Olavarría;1002186;ZSTO;CORREA VENTILADOR;VOLVO CONS;VOE20459311;MM01;26;RE;1;2;C29;FILTROS/RESPUESTOS;CORREAS;VOLVO EC 480D;KG;SIN PEDIDO;;;;;;;;;;
00314 CASA Olavarría;1002204;ZSTO;CORREA ALTERNADOR;;3032915 // AV 13X890;MM01;26;RE;1;2;C03;EQUIPOS;CORREAS;HIMOINSA LTA 8 V LED;KG;SIN PEDIDO;;;;;;;;;;
00314 CASA Olavarría;1002211;ZSTO;CORREA VENTILADOR;;10PK1448-20712530 // 10PK1448-24635977;MM01;26;RE;1;2;C29;FILTROS/RESPUESTOS;CORREAS;PLATAFORMA DE MANTENIMIENTO VE;KG;SIN PEDIDO;;;;;;;;;;
00314 CASA Olavarría;1002212;ZSTO;CORREA DE ALTERNADOR;CATERPILLA // // No aplica;8PK1537 // 22275091 // 8PK-1540 // 8PK1535;MM01;26;RE;1;2;C29;FILTROS/RESPUESTOS;CORREAS;PLATAFORMA DE MANTENIMIENTO VE;KG;SIN PEDIDO;;;;;;;;;;
00314 CASA Olavarría;1002217;ZSTO;CORREA;VOLVO CONS;VOE22281893;MM01;26;RE;1;2;C29;FILTROS/RESPUESTOS;CORREAS;VOLVO EC 480D;KG;SIN PEDIDO;;;;;;;;;;
00314 CASA Olavarría;1003381;ZSTO;PICO AUTOMATICODEDESPACHDECOMBUSTIBLE3 4;;;MM01;26;RE;1;2;C13;FERRETERÍA MM01;REPUESTOS;?;KG;SIN PEDIDO;;;;;;;;;;
00314 CASA Olavarría;1003428;ZSTO;TENSOR CORREA AUXILIAR;TOYOTA ARG // TOYOTA ARG;166200L02000K // 1662030031;MM01;26;RE;1;2;C29;FILTROS/RESPUESTOS;REPUESTOS;HILUX;KG;SIN PEDIDO;;;;;;;;;;
00314 CASA Olavarría;1003429;ZSTO;POLEA CORREA AUXILIAR;TOYOTA ARG;884400K172;MM01;26;RE;1;2;C29;FILTROS/RESPUESTOS;REPUESTOS;HILUX 3.0 2010;KG;SIN PEDIDO;;;;;;;;;;
00314 CASA Olavarría;1003456;ZSTO;INTERRUPTOR;CNH INDUST;41200567FI;MM01;26;RE;1;2;C29;FILTROS/RESPUESTOS;REPUESTOS;LUZ INTER. E TECH TRAKKER;KG;SIN PEDIDO;;;;;;;;;;
00314 CASA Olavarría;1003460;ZSTO;LLAVE TECLA BALIZA;CNH;500388626;MM01;26;RE;1;2;C29;FILTROS/RESPUESTOS;REPUESTOS;IVECO TRAKKER T380;KG;SIN PEDIDO;;;;;;;;;;
00314 CASA Olavarría;1003461;ZSTO;TUBO GOMA INFERIOR RADIADOR;CNH INDUST //;41270112 // 5801693272;MM01;26;RE;1;2;C29;FILTROS/RESPUESTOS;REPUESTOS;IVECO TRAKKER T380;KG;SIN PEDIDO;;;;;;;;;;
00314 CASA Olavarría;1003470;ZSTO;VALVULA OLEOHIDRAULICA N 1799 XUN;;;MM01;26;RE;1;2;C29;FILTROS/RESPUESTOS;REPUESTOS;CAJA VOLCADORA;KG;SIN PEDIDO;;;;;;;;;;
00314 CASA Olavarría;1003502;ZSTO;RODAMIENTO BLINDADO DE VOLANTE;SKF;63052RS1;MM01;26;RE;1;2;C29;FILTROS/RESPUESTOS;REPUESTOS;SKF;KG;SIN PEDIDO;;;;;;;;;;
00314 CASA Olavarría;1003504;ZSTO;TOMA FUERZA NEUM. MULT. C PLATO;TER APLICA;ZF16s1301650;MM01;26;RE;1;2;C29;FILTROS/RESPUESTOS;REPUESTOS;VW 31-320;KG;SIN PEDIDO;;;;;;;;;;
00314 CASA Olavarría;1003511;ZSTO;EXTREMO DE DIRECCION;CNH;4833829;MM01;26;RE;1;2;C29;FILTROS/RESPUESTOS;REPUESTOS;IVECO TRACKKER;KG;SIN PEDIDO;;;;;;;;;;
00314 CASA Olavarría;1003512;ZSTO;EXTREMO DE DIRECCION;CNH;4833830;MM01;26;RE;1;2;C29;FILTROS/RESPUESTOS;REPUESTOS;IVECO TRACKKER;KG;SIN PEDIDO;;;;;;;;;;
00314 CASA Olavarría;1003565;ZSTO;RETEN CORTECO;CORTECO //;12011379B // 40000690;MM01;26;RE;1;2;C29;FILTROS/RESPUESTOS;REPUESTOS;IVECO TRAKKER T380;KG;SIN PEDIDO;;;;;;;;;;
00314 CASA Olavarría;1003661;ZSTO;O-RING (G);DAEMO ENGI;0070010500G;MM01;26;RE;1;2;C29;FILTROS/RESPUESTOS;REPUESTOS;DAEMO B180, B210, B250, B300;KG;SIN PEDIDO;;;;;;;;;;
00314 CASA Olavarría;1003665;ZSTO;WASHER NORD LOCK;DAEMO ENGI;015E1024000;MM01;26;RE;1;2;C29;FILTROS/RESPUESTOS;REPUESTOS;DAEMO B180, B210, B250, B300;KG;SIN PEDIDO;;;;;;;;;;
00314 CASA Olavarría;1003680;ZSTO;DAMPERSIDE;DAEMO ENGI;B00081221;MM01;26;RE;1;2;C29;FILTROS/RESPUESTOS;REPUESTOS;DAEMO B250, B300;KG;SIN PEDIDO;;;;;;;;;;
00314 CASA Olavarría;1003689;ZSTO;COVERFRONT;DAEMO ENGI;B30610040;MM01;26;RE;1;2;C29;FILTROS/RESPUESTOS;REPUESTOS;DAEMO B300;KG;SIN PEDIDO;;;;;;;;;;
00314 CASA Olavarría;1003692;ZSTO;HELI COLI;DAEMO ENGI;019B10300270;MM01;26;RE;1;2;C29;FILTROS/RESPUESTOS;REPUESTOS;DAEMO B300;KG;SIN PEDIDO;;;;;;;;;;
00314 CASA Olavarría;1003751;ZSTO;CORREA;KOMATSU HO;6245-61-3360;MM01;26;RE;1;2;C29;FILTROS/RESPUESTOS;REPUESTOS;D465-7EO;KG;SIN PEDIDO;;;;;;;;;;
00314 CASA Olavarría;1003773;ZSTO;SENSOR;KOMATSU HO;ND499000-6160;MM01;26;RE;1;2;C29;FILTROS/RESPUESTOS;REPUESTOS;D465-7EO;KG;SIN PEDIDO;;;;;;;;;;
00314 CASA Olavarría;1003814;ZSTO;LAMPARA;KOMATSU HO;561-86-87410;MM01;26;RE;1;2;C29;FILTROS/RESPUESTOS;REPUESTOS;D465-7EO;KG;SIN PEDIDO;;;;;;;;;;
00314 CASA Olavarría;1003824;ZSTO;ESPEJO;KOMATSU HO;23W-P86-2890;MM01;26;RE;1;2;C29;FILTROS/RESPUESTOS;REPUESTOS;D465-7EO;KG;SIN PEDIDO;;;;;;;;;;
00314 CASA Olavarría;1003825;ZSTO;VIDRIO DE CABINA;KOMATSU HO;581-06-16431;MM01;26;RE;1;2;C29;FILTROS/RESPUESTOS;REPUESTOS;D465-7EO;KG;SIN PEDIDO;;;;;;;;;;
00314 CASA Olavarría;1003832;ZSTO;RETEN MAZA TRASERA (SEC) TRAKKER 380;CNH;42127773;MM01;26;RE;1;2;C29;FILTROS/RESPUESTOS;REPUESTOS;IVECO;KG;SIN PEDIDO;;;;;;;;;;
00314 CASA Olavarría;1003954;ZSTO;BATERIA 12V 180AMP;;25 PLACAS POR ELEMENTO;MM01;26;V1;5;9;C29;FILTROS/RESPUESTOS;REPUESTOS;MAQUINARIA PESADA;KG;SIN PEDIDO;;;;;;;;;;
00314 CASA Olavarría;1004070;ZSTO;HOJA DE LIMPIA PARABRISA;VOLVO CONS;VOE11205856;MM01;26;RE;1;2;C29;FILTROS/RESPUESTOS;REPUESTOS;VOLVO EC 480D;KG;SIN PEDIDO;;;;;;;;;;
00314 CASA Olavarría;1004071;ZSTO;TERMOSTATO;VOLVO CONS;VOE21412639;MM01;26;RE;1;2;C29;FILTROS/RESPUESTOS;REPUESTOS;VOLVO EC 480D;KG;SIN PEDIDO;;;;;;;;;;
00314 CASA Olavarría;1004266;ZSTO;KIT EMBRAGUE;CNH // CNH;5801291663 // 500055485;MM01;26;RE;1;2;C29;FILTROS/RESPUESTOS;REPUESTOS;IVECO TRAKKER T380;KG;SIN PEDIDO;;;;;;;;;;
00314 CASA Olavarría;1004459;ZSTO;EXTREMO DIRECCION IZQ/DER XUN;CATERPILLA;1313736;MM01;26;RE;1;2;C29;FILTROS/RESPUESTOS;REPUESTOS;CAT;KG;SIN PEDIDO;;;;;;;;;;
00314 CASA Olavarría;1004605;ZSTO;CORTADOR CENTRAL;;2571782;MM01;26;RE;1;2;C29;FILTROS/RESPUESTOS;DESGASTE;DESGASTE;KG;SIN PEDIDO;;;;;;;;;;
00314 CASA Olavarría;1004686;ZSTO;FAROS TRAS IZQ;VOLVO CONS // VOLVO TRUC;84441759 / 23522307 // 82483074;MM01;26;RE;1;2;C29;FILTROS/RESPUESTOS;REPUESTOS;VOLVO 460 FMX;KG;SIN PEDIDO;;;;;;;;;;
00314 CASA Olavarría;1009436;ZSTO;UREA AZUL 32 X BIN 1000LTS;YPF S.A. // RAIZEN ARG // YPF S.A. // AXION ENER;L60866 // 516385 // 810300000371;MM01;26;V1;1;2;L02;FLUIDOS;LUBRICANTES;ADITIVOS;KG;SIN PEDIDO;;;;;;;;;;
00314 CASA Olavarría;1013372;ZSCD;1141452030-JUNTA;;;MM01;26;RE;1;2;C29;FILTROS/RESPUESTOS;REPUESTOS;HITACHI 870;KG;SIN PEDIDO;;;;;;;;;;
00314 CASA Olavarría;1013409;ZSCD;21296849 SENSORES ABS DEL;;;MM01;26;RE;1;2;C29;FILTROS/RESPUESTOS;REPUESTOS;VOLVO FM460-L260H;KG;SIN PEDIDO;;;;;;;;;;
00314 CASA Olavarría;1013476;ZSCD;4653861-JUEGO DE RETENES;;;MM01;26;RE;1;2;C29;FILTROS/RESPUESTOS;REPUESTOS;HITACHI 870;KG;SIN PEDIDO;;;;;;;;;;
00314 CASA Olavarría;1013478;ZSCD;4709228-COMPRESOR;;;MM01;26;RE;1;2;C29;FILTROS/RESPUESTOS;REPUESTOS;HITACHI 870;KG;SIN PEDIDO;;;;;;;;;;
00314 CASA Olavarría;1013522;ZSCD;ACEITE DIFERENCIALES VOLVO97312 x 205LTS;SHELL PLC.;SPIRAX S6 GXME 75W90;MM01;26;RE;1;2;C29;FILTROS/RESPUESTOS;LUBRICANTES;LUBRICANTES;KG;SIN PEDIDO;;;;;;;;;;
00314 CASA Olavarría;1013528;ZSCD;CONTROL FYA00016095 (EX FYA00016270) XUN;;;MM01;26;RE;1;2;C29;FILTROS/RESPUESTOS;REPUESTOS;HITACHI 870;KG;SIN PEDIDO;;;;;;;;;;
00314 CASA Olavarría;1013540;ZSCD;INTERRUPTOR-1831610330;;;MM01;26;RE;1;2;C29;FILTROS/RESPUESTOS;REPUESTOS;HITACHI 870;KG;SIN PEDIDO;;;;;;;;;;
00314 CASA Olavarría;1013541;ZSCD;INTERRUPTOR-4477373;;;MM01;26;RE;1;2;C29;FILTROS/RESPUESTOS;REPUESTOS;HITACHI 870;KG;SIN PEDIDO;;;;;;;;;;
00314 CASA Olavarría;1013543;ZSCD;JUNTA-1137430361;;;MM01;26;RE;1;2;C29;FILTROS/RESPUESTOS;REPUESTOS;HITACHI 870;KG;SIN PEDIDO;;;;;;;;;;
00314 CASA Olavarría;1013544;ZSCD;JUNTA-1141451870;;;MM01;26;RE;1;2;C29;FILTROS/RESPUESTOS;REPUESTOS;HITACHI 870;KG;SIN PEDIDO;;;;;;;;;;
00314 CASA Olavarría;1013547;ZSCD;RELE-1825530391;;;MM01;26;RE;1;2;C29;FILTROS/RESPUESTOS;REPUESTOS;HITACHI 870;KG;SIN PEDIDO;;;;;;;;;;
00314 CASA Olavarría;1013550;ZSCD;RELE-8943795431;;;MM01;26;RE;1;2;C29;FILTROS/RESPUESTOS;REPUESTOS;HITACHI 870;KG;SIN PEDIDO;;;;;;;;;;
00314 CASA Olavarría;1013552;ZSCD;SENSOR-1815107131;;;MM01;26;RE;1;2;C29;FILTROS/RESPUESTOS;REPUESTOS;HITACHI 870;KG;SIN PEDIDO;;;;;;;;;;
00314 CASA Olavarría;1013559;ZSCD;UNIDAD DE CONTROL BASICO-FYA00011104;;;MM01;26;RE;1;2;C29;FILTROS/RESPUESTOS;REPUESTOS;KOMATSU HD465-7E1;KG;SIN PEDIDO;;;;;;;;;;
00314 CASA Olavarría;1013560;ZSCD;VALVE,RELIEF -4469380;;;MM01;26;RE;1;2;C29;FILTROS/RESPUESTOS;REPUESTOS;HITACHI 870;KG;SIN PEDIDO;;;;;;;;;;
00314 CASA Olavarría;1013578;ZSSD;FUSIBLE PLANO 10AMP. XUN;;;MM01;26;V1;8;15;C29;FILTROS/RESPUESTOS;REPUESTOS;ELECTRICIDAD AUTOMOTOR;KG;SIN PEDIDO;;;;;;;;;;
00314 CASA Olavarría;1016078;ZSTO;CORREA MOTOR;CATERPILLA;2198689;MM01;26;RE;1;2;C29;FILTROS/RESPUESTOS;CORREAS;VOLVO EC 480D;KG;SIN PEDIDO;;;;;;;;;;
00314 CASA Olavarría;1016434;ZSTO;Kit Correa y Tensores;VOLVO MAQU // // //;20002072 // 20712530+22275091 // 22696301+21479276+21919687 // 22696301+21479276+24201573;MM01;26;RE;1;2;C03;EQUIPOS;REPUESTOS;VOLVO FM460;KG;SIN PEDIDO;;;;;;;;;;
00314 CASA Olavarría;1016436;ZSTO;Bomba de Direccion;VOLVO MAQU;24060142000;MM01;26;RE;1;2;C29;FILTROS/RESPUESTOS;REPUESTOS;VOLVO FM460;KG;SIN PEDIDO;;;;;;;;;;
00314 CASA Olavarría;1017809;ZSSD;CORREA POLI-V;;198-3611;MM01;26;RE;1;2;C29;FILTROS/RESPUESTOS;CORREAS;CAT 140K;KG;SIN PEDIDO;;;;;;;;;;
00314 CASA Olavarría;1017829;ZSSD;VISCOSO;;24017079;MM01;26;RE;1;2;C03;EQUIPOS;REPUESTOS;VOLVO;KG;SIN PEDIDO;;;;;;;;;;
00314 CASA Olavarría;1022036;ZSTO;CORREA;ONAN;8PK-1430;MM01;26;RE;1;2;C29;FILTROS/RESPUESTOS;REPUESTOS;ONAN C 150 D5 4;KG;SIN PEDIDO;;;;;;;;;;
00314 CASA Olavarría;1022978;ZSTO;ESPACIADOR;;7D-2955;MM01;26;RE;2;4;C03;EQUIPOS;?;?;KG;SIN PEDIDO;;;;;;;;;;
00314 CASA Olavarría;1024337;ZSTO;SEGUER;;340-2374;MM01;26;RE;1;2;C03;EQUIPOS;?;?;KG;SIN PEDIDO;;;;;;;;;;
00314 CASA Olavarría;1024638;ZSTO;STARTER SWITCH;;14526158;MM01;26;RE;1;2;C03;EQUIPOS;REPUESTOS;VOLVO EC 480D;KG;SIN PEDIDO;;;;;;;;;;
00314 CASA Olavarría;1024674;ZSTO;SWITCH LUCES;;70369702;MM01;26;RE;1;2;C03;EQUIPOS;REPUESTOS;?;KG;SIN PEDIDO;;;;;;;;;;
00314 CASA Olavarría;1024751;ZSTO;TAPA TANQUE COMB.;;349-7059;MM01;26;RE;1;1;C03;EQUIPOS;?;?;KG;SIN PEDIDO;;;;;;;;;;
00314 CASA Olavarría;1027114;ZSTO;KIT DE EMBRAGUE FMX 460;;20002083 // KIT(2341664-23417523-24157502-1652986) // KIT(23491400-23441664-1652986-23417523);MM01;26;RE;1;2;C03;EQUIPOS;REPUESTOS;CAMION VOLVO FMX 460;KG;SIN PEDIDO;;;;;;;;;;
00314 CASA Olavarría;1027554;ZSSD;"escobilla bufalo c20 plus 500mm 20""";;;MM01;26;CL;1;1;C29;FILTROS/RESPUESTOS;REPUESTOS;IVECO;KG;SIN PEDIDO;;;;;;;;;;
00314 CASA Olavarría;1028721;ZSTO;TUBO AGUA COMPR STRALIS TRAKKER;;5801582266;MM01;26;RE;1;1;C03;EQUIPOS;REPUESTOS;IVECO STRALIS;KG;SIN PEDIDO;;;;;;;;;;
00314 CASA Olavarría;1029359;ZSTO;CORREA A/A;;07W145933;MM01;26;RE;1;1;C03;EQUIPOS;CORREAS;?;KG;SIN PEDIDO;;;;;;;;;;
00314 CASA Olavarría;1029422;ZSTO;ORING;;07000-12065;MM01;26;RE;1;2;C03;EQUIPOS;REPUESTOS;?;KG;SIN PEDIDO;;;;;;;;;;
00314 CASA Olavarría;1033158;ZSTO;BASE DE FILTRO CON BOMBIN;;VOE21023287;MM01;26;RE;1;1;C29;FILTROS/RESPUESTOS;REPUESTOS;?;KG;SIN PEDIDO;;;;;;;;;;
00314 CASA Olavarría;1034469;ZSTO;MANGUERA SUPERIOR DE RADIADOR;;5801693271;MM01;26;RE;1;2;C03;EQUIPOS;REPUESTOS;?;KG;SIN PEDIDO;;;;;;;;;;
00314 CASA Olavarría;1034538;ZSTO;CONDENSADOR A/A;;22768927 // 22768793;MM01;26;RE;1;1;C03;EQUIPOS;REPUESTOS;VOLVO 460 FMX;KG;SIN PEDIDO;;;;;;;;;;
00314 CASA Olavarría;1034630;ZSTO;FLEXIBLE;;20992763;MM01;26;RE;1;2;C03;EQUIPOS;REPUESTOS;VOLVO FM460;KG;SIN PEDIDO;;;;;;;;;;
00314 CASA Olavarría;1034645;ZSTO;VOLANTE DE INERCIA;;21630898;MM01;26;RE;1;2;C03;EQUIPOS;REPUESTOS;VOLVO FM460;KG;SIN PEDIDO;;;;;;;;;;
00314 CASA Olavarría;1034646;ZSTO;ELECTROVALVULA EMBRAGUE;;22327072;MM01;26;RE;1;2;C03;EQUIPOS;REPUESTOS;VOLVO FM460;KG;SIN PEDIDO;;;;;;;;;;
00314 CASA Olavarría;1034682;ZSTO;COMPRESOR A/A TRAKKER 410T;;540385146;MM01;26;RE;1;2;C03;EQUIPOS;REPUESTOS;IVECO;KG;SIN PEDIDO;;;;;;;;;;
00314 CASA Olavarría;1035250;ZSCD;GRASA COBREADA BOMBEABLE X 23 KG.;M-LUBE;ROCK 11565;MM01;26;RE;1;2;L01;ACEITES;LUBRICANTES;PERFORADORA EPIROC;KG;SIN PEDIDO;;;;;;;;;;
00314 CASA Olavarría;1035260;ZSTO;MANGUERA FRENOS;;22938292;MM01;26;RE;1;2;C03;EQUIPOS;REPUESTOS;VOLVO FM460;KG;SIN PEDIDO;;;;;;;;;;
00314 CASA Olavarría;1035264;ZSTO;COMPRESOR 988H;;218-0324;MM01;26;RE;1;2;C03;EQUIPOS;REPUESTOS;CAT 988 H;KG;SIN PEDIDO;;;;;;;;;;
00314 CASA Olavarría;1035453;ZSTO;MOTOR LIMPIAPARABRISAS (V480);;VOE14675537;MM01;26;RE;1;2;C03;EQUIPOS;REPUESTOS;VOLVO EC 480D;KG;SIN PEDIDO;;;;;;;;;;
00314 CASA Olavarría;1035682;ZSTO;ALZA CRISTAL IZQUIERDO;;56B-54-14351;MM01;26;RE;1;2;C03;EQUIPOS;REPUESTOS;KOMATSU HD785;KG;SIN PEDIDO;;;;;;;;;;
00314 CASA Olavarría;1035684;ZSTO;MOTOR LIMPIAPARABRISAS;;56B-54-13220;MM01;26;RE;1;2;C03;EQUIPOS;REPUESTOS;KOMATSU HD785;KG;SIN PEDIDO;;;;;;;;;;
00314 CASA Olavarría;1036503;ZSTO;ACTUADOR;;VOE 14523019;MM01;26;RE;1;2;C03;EQUIPOS;REPUESTOS;?;KG;SIN PEDIDO;;;;;;;;;;
00314 CASA Olavarría;1036706;ZSSD;"BROCA T51 89MM 3 1/2"" RETRACTIL";;90510341;MM01;26;V1;5;9;C29;FILTROS/RESPUESTOS;DESGASTE;ATLAS COPCO ROC F9-11;KG;SIN PEDIDO;;;;;;;;;;
00314 CASA Olavarría;1042215;ZSTO;CILINDRO COLUMNA DIRECCION CAT 775;;332-7047;MM01;26;RE;1;1;C03;EQUIPOS;REPUESTOS;?;KG;SIN PEDIDO;;;;;;;;;;
00314 CASA Olavarría;1046441;ZSTO;BALANCÍN (ALTA);;VOE 11428010;MM01;26;RE;1;2;C03;EQUIPOS;REPUESTOS;?;KG;SIN PEDIDO;;;;;;;;;;
00314 CASA Olavarría;1046692;ZSTO;CORTA CORRIENTE;;VOE17418494;MM01;26;RE;1;2;C03;EQUIPOS;REPUESTOS;?;KG;SIN PEDIDO;;;;;;;;;;
00314 CASA Olavarría;1046952;ZSTO;BLANCIN;;VOE 11428146;MM01;26;RE;1;2;C03;EQUIPOS;REPUESTOS;?;KG;SIN PEDIDO;;;;;;;;;;
00314 CASA Olavarría;1049393;ZSTO;BOMBA DE IMPLEMENTO;;485-9673;MM01;26;RE;1;1;C03;EQUIPOS;REPUESTOS;?;KG;SIN PEDIDO;;;;;;;;;;
00314 CASA Olavarría;1050448;ZSTO;BASE DE FILTRO;;354-8811;MM01;26;RE;1;1;C03;EQUIPOS;REPUESTOS;?;KG;SIN PEDIDO;;;;;;;;;;
00341 Mov. Suelos San Luis;1001841;ZSTO;CAMARA 12.00 R20;;MARCA DONGAH // MARCA PIRELLI;MM01;35;V1;4;6;C52;CAMARAS;CUBIERTAS;CUBIERTAS;KG;SIN PEDIDO;;;;;;;;;;
00341 Mov. Suelos San Luis;1002349;ZSTO;TRABA P UNA XUN;CATERPILLA;2209090;MM01;35;V1;9;16;G05;AJUSTE;DESGASTE;CAT324DL, 980H;KG;SIN PEDIDO;;;;;;;;;;
00341 Mov. Suelos San Luis;1002407;ZSTO;PUNTA DESGARRADOR;CATERPILLA //;4755473 // 2209089;MM01;35;V1;9;16;G03;RIPPER;DESGASTE;CAT 950;KG;SIN PEDIDO;;;;;;;;;;
00341 Mov. Suelos San Luis;1002673;ZSTO;FILTRO AIRE 1;MANITOU;563416;MM01;35;V1;1;2;F04;FILTRO AIRE;FILTROS;MANITOU;KG;SIN PEDIDO;;;;;;;;;;
00341 Mov. Suelos San Luis;1002674;ZSTO;FILTRO AIRE 2;MANITOU // MANITOU;563415 // RPMA52853815;MM01;35;V1;1;2;F04;FILTRO AIRE;FILTROS;MANITOU;KG;SIN PEDIDO;;;;;;;;;;
00341 Mov. Suelos San Luis;1002675;ZSTO;FILTRO COMBUSTIBLE;PERKINS // // PARKER // // // HAULOTTE G // PERKINS // PERKINS // MANITOU;26560201 // FS20009 // REC-154 // SN40645 // TCE1804I // 2427003070 // 26560201 // 4816636 // 605013;MM01;35;V1;1;2;F06;FILTRO COMBUSTIBLE;FILTROS;MANITOU/HAULOTTE;KG;SIN PEDIDO;;;;;;;;;;
00341 Mov. Suelos San Luis;1002678;ZSTO;FILTRO MOTOR;MANITOU;476954;MM01;35;V1;1;2;F03;FILTRO ACEITE;FILTROS;MANITOU;KG;SIN PEDIDO;;;;;;;;;;
00341 Mov. Suelos San Luis;1002771;ZSTO;FILTRO DE ACEITE;CATERPILLA;1R1807;MM01;35;V1;1;2;F03;FILTRO ACEITE;FILTROS;CAT;KG;SIN PEDIDO;;;;;;;;;;
00341 Mov. Suelos San Luis;1002838;ZSTO;FILTRO ACEITE;TOYOTA ARG // TOYOTA ARG;909152000300 // 90915YZZD2;MM01;35;V1;7;9;F03;FILTRO ACEITE;FILTROS;PARA HILUX;KG;SIN PEDIDO;;;;;;;;;;
00341 Mov. Suelos San Luis;1002938;ZSTO;FILTRO HIDRAULICO RETORNO;VOLVO CONS //;VOE14569658 // 14690316;MM01;35;V1;2;2;F07;FILTRO FLUIDO HIDR;FILTROS;VOLVO EC 480D;KG;SIN PEDIDO;;;;;;;;;;
00341 Mov. Suelos San Luis;1002998;ZSTO;FILTRO COMBUSTIBLE;PERKINS // FLEETGUARD // DONALDSON // // MANN;4415122 // FF5788 // P502420 // P556245 // P917X;MM01;35;V1;1;2;F06;FILTRO COMBUSTIBLE;FILTROS;HAULOTTE;KG;SIN PEDIDO;;;;;;;;;;
00341 Mov. Suelos San Luis;1003177;ZSTO;FILTRO TRAMPA DE AGUA;CATERPILLA;4238524;MM01;35;V1;1;2;F13;FILTRO TRAMPA DE A;FILTROS;CAT 950;KG;SIN PEDIDO;;;;;;;;;;
00341 Mov. Suelos San Luis;1003219;ZSTO;FILTRO VENTILACION DE CARTER;CATERPILLA;2735711;MM01;35;V1;2;3;F04;FILTRO AIRE;FILTROS;CAT 815 K;KG;SIN PEDIDO;;;;;;;;;;
00341 Mov. Suelos San Luis;1003376;ZSTO;GRASA P/BARRAS X UN;;90002915;MM01;35;V1;6;8;L03;GRASAS;LUBRICANTES;MARTILLO HIDRAULICO;KG;SIN PEDIDO;;;;;;;;;;
00341 Mov. Suelos San Luis;1003835;ZSTO;BROCAXUN;;90510344137;MM01;35;V1;1;2;C29;FILTROS/RESPUESTOS;REPUESTOS;?;KG;SIN PEDIDO;;;;;;;;;;
00341 Mov. Suelos San Luis;1003843;ZSTO;KIT MUESTRA LUBRICANTE C ACOPLE RAP XUN;CATERPILLA;9Z0006;MM01;35;V1;1;2;C29;FILTROS/RESPUESTOS;EQUIPOS;CAT;KG;SIN PEDIDO;;;;;;;;;;
00341 Mov. Suelos San Luis;1003990;ZSTO;KITSEGURAIRECOMPRATLCOPCOXU;;3222188142;MM01;35;V1;2;3;C29;FILTROS/RESPUESTOS;REPUESTOS;?;KG;SIN PEDIDO;;;;;;;;;;
00341 Mov. Suelos San Luis;1003993;ZSTO;KITSEGURAIREMOTORATLCOPCOXUN;;3222188152;MM01;35;V1;2;3;C29;FILTROS/RESPUESTOS;REPUESTOS;?;KG;SIN PEDIDO;;;;;;;;;;
00341 Mov. Suelos San Luis;1004017;ZSTO;BROCA 4B FFCONCAV;;90510343137-6102-49-20;MM01;35;V1;1;1;C29;FILTROS/RESPUESTOS;REPUESTOS;?;KG;SIN PEDIDO;;;;;;;;;;
00341 Mov. Suelos San Luis;1009436;ZSTO;UREA AZUL 32 X BIN 1000LTS;YPF S.A. // RAIZEN ARG // YPF S.A. // AXION ENER;L60866 // 516385 // 810300000371;MM01;35;V1;1;2;L02;FLUIDOS;LUBRICANTES;ADITIVOS;KG;SIN PEDIDO;;;;;;;;;;
00341 Mov. Suelos San Luis;1009535;ZSTO;FILTRO AIRE SIST COMB ATL COPCO;;3222118000;MM01;35;V1;2;3;C29;FILTROS/RESPUESTOS;FILTROS;ATLAS COPCO ROC F9-11;KG;SIN PEDIDO;;;;;;;;;;
00341 Mov. Suelos San Luis;1009539;ZSTO;FILTRO A/A PISO CAB ATL COPCO XU;;3222325378;MM01;35;V1;1;2;C29;FILTROS/RESPUESTOS;FILTROS;ATLAS COPCO ROC F9-11;KG;SIN PEDIDO;;;;;;;;;;
00341 Mov. Suelos San Luis;1013578;ZSSD;FUSIBLE PLANO 10AMP. XUN;;;MM01;35;V1;24;30;C29;FILTROS/RESPUESTOS;REPUESTOS;ELECTRICIDAD AUTOMOTOR;KG;SIN PEDIDO;;;;;;;;;;
00341 Mov. Suelos San Luis;1015793;ZSSD;FUSIBLE PLANO 25AMP. XUN;;;MM01;35;V1;24;30;C03;EQUIPOS;REPUESTOS;ELECTRICIDAD AUTOMOTOR;KG;SIN PEDIDO;;;;;;;;;;
00341 Mov. Suelos San Luis;1015794;ZSSD;FUSIBLE PLANO 30AMP. XUN;;;MM01;35;V1;24;30;C03;EQUIPOS;REPUESTOS;ELECTRICIDAD AUTOMOTOR;KG;SIN PEDIDO;;;;;;;;;;
00341 Mov. Suelos San Luis;1016074;ZSTO;UÑA BALDE HEAVY DUTY  - 66ARXE;VOLVO CONS;VOE14732402;MM01;35;V1;7;9;G04;UÑAS;DESGASTE;VOLVO EC 480D;KG;SIN PEDIDO;;;;;;;;;;
00341 Mov. Suelos San Luis;1016075;ZSTO;TRABA UÑA BALDE - 66P;VOLVO CONS;VOE17473106;MM01;35;V1;20;36;G05;AJUSTE;DESGASTE;VOLVO EC 480D;KG;SIN PEDIDO;;;;;;;;;;
00341 Mov. Suelos San Luis;1029604;ZSTO;JGO BARREROS UNIVERSAL C/TELA 60cmX60cm;;680-049 . VER ANEXO;MM01;35;V1;3;6;C03;EQUIPOS;;;KG;SIN PEDIDO;;;;;;;;;;
00341 Mov. Suelos San Luis;1048554;ZSTO;TRABA DE GIRO 180 GRADOS;;516-9166;MM01;35;V1;16;48;C03;EQUIPOS;DESGASTE;CARGADORA CAT 950;KG;SIN PEDIDO;;;;;;;;;;
00341 Mov. Suelos San Luis;1048555;ZSTO;MANGUITO ANTIRROTACION;;539-5718;MM01;35;V1;16;48;C03;EQUIPOS;DESGASTE;CARGADORA CAT 950;KG;SIN PEDIDO;;;;;;;;;;
00341 Mov. Suelos San Luis;1000043;ZSTO;BOTIQUIN 1ROS. AUXILIOS N 2;;;MR01;341;V1;6;8;C28;SEGURIDAD/ROPA/EPP;SEGURIDAD;BOTIQUIN;KG;SIN PEDIDO;;;;;;;;;;
00341 Mov. Suelos San Luis;1001869;ZSTO;MARCADORINDUSTRIAL-AMARILLOXUN;UNIPAINT;MÚLT. 10U;MR01;341;V1;12;15;C17;INSUMOS A;LIBRERIA;ESCRITURA;KG;SIN PEDIDO;;;;;;;;;;
00341 Mov. Suelos San Luis;1001929;ZSTO;DISCO 178X4,8X22,23TYROLIT OASECUR XUN;TYROLIT;178X48X222;MR01;341;V1;8;11;C27;FERRETERIA MR01;FERRETERIA;ABRASIVOS/DISCOS;KG;SIN PEDIDO;;;;;;;;;;
00341 Mov. Suelos San Luis;1001961;ZSTO;CINTA AISLADORA NEGRA X10MT;;;MR01;341;V1;18;23;C27;FERRETERIA MR01;FERRETERIA;INSUMOS;KG;SIN PEDIDO;;;;;;;;;;
00341 Mov. Suelos San Luis;1001963;ZSTO;CINTA AISLADORA VERDE X10MT;;;MR01;341;V1;3;5;C27;FERRETERIA MR01;FERRETERIA;INSUMOS;KG;SIN PEDIDO;;;;;;;;;;
00341 Mov. Suelos San Luis;1016920;ZSSD;SOGA NAUTICA 12MM;;MÚLT. 100 MTS;MR01;341;V1;60;75;C27;FERRETERIA MR01;FERRETERIA;FERRETERIA;KG;SIN PEDIDO;;;;;;;;;;
00341 Mov. Suelos San Luis;1016939;ZSSD;DESODORANTE LIQUIDO P PISO X5LT;;;MR01;341;V1;9;14;C17;INSUMOS A;LIMPIEZA;LIMPIEZA /SEGURIDAD;KG;SIN PEDIDO;;;;;;;;;;
00341 Mov. Suelos San Luis;1016946;ZSSD;TALO LIBRETA DE MAQUINISTA 50H X DUPLICA;;;MR01;341;V1;48;60;C17;INSUMOS A;LIBRERIA;TALONARIOS;KG;SIN PEDIDO;;;;;;;;;;
00341 Mov. Suelos San Luis;1017037;ZSSD;MARCADOR P PIZARRA VERDE;;MÚLT. 10U;MR01;341;V1;3;5;C17;INSUMOS A;LIBRERIA;ESCRITURA;KG;SIN PEDIDO;;;;;;;;;;
00341 Mov. Suelos San Luis;1017042;ZSSD;LAVANDINA X5LT;;;MR01;341;V1;7;9;C17;INSUMOS A;LIMPIEZA;LIMPIEZA /SEGURIDAD;KG;SIN PEDIDO;;;;;;;;;;
00341 Mov. Suelos San Luis;1017047;ZSSD;TRAPO REJILLA;;;MR01;341;V1;36;45;C17;INSUMOS A;LIMPIEZA;LIMPIEZA /SEGURIDAD;KG;SIN PEDIDO;;;;;;;;;;
00341 Mov. Suelos San Luis;1017048;ZSSD;FRANELA;;;MR01;341;V1;36;45;C17;INSUMOS A;LIMPIEZA;LIMPIEZA /SEGURIDAD;KG;SIN PEDIDO;;;;;;;;;;
00341 Mov. Suelos San Luis;1017218;ZSSD;LAMPAZO;;;MR01;341;V1;6;8;C17;INSUMOS A;LIMPIEZA;LIMPIEZA /SEGURIDAD;KG;SIN PEDIDO;;;;;;;;;;
00341 Mov. Suelos San Luis;1017236;ZSSD;"LUSTRAMUEBLES ""BLEM"" - ORIGINAL XUN";;;MR01;341;V1;72;90;C17;INSUMOS A;LIMPIEZA;LIMPIEZA /SEGURIDAD;KG;SIN PEDIDO;;;;;;;;;;
00365 RIO TINTO;1000033;ZSTO;FILTRO TRAMPA DE AGUA;FLEETGUARD;FS1212;U365;365;V1;2;2;C29;FILTROS/RESPUESTOS;FILTROS;TRASH MASTER;KG;SIN PEDIDO;;;;;;;;;;
00365 RIO TINTO;1002324;ZSTO;CUCHILLA 15 AGUJEROS;CATERPILLA // JOHN DEERE;5D9554 // T66707;U365;365;V1;2;3;C29;FILTROS/RESPUESTOS;DESGASTE;JD770;KG;MOVIMIENTO 313 PENDIENTE;;;;;;;;;;
00365 RIO TINTO;1002703;ZSTO;FILTRO DE ACEITE MOTOR;FLEETGUARD;LF777;U365;365;V1;2;2;C29;FILTROS/RESPUESTOS;FILTROS;FILTROS;KG;SIN PEDIDO;;;;;;;;;;
00365 RIO TINTO;1003170;ZSTO;FILTRO DE AIRE PRIMARIO;FLEETGUARD // // FILPLUS;AF26085 // FAI6085 // MSA26085;U365;365;V1;3;5;C29;FILTROS/RESPUESTOS;FILTROS;FILTRO AIRE;KG;MOVIMIENTO 313 PENDIENTE;;;;;;;;;;
00365 RIO TINTO;1003285;ZSTO;FILTRO DE AIRE SECUNDARIO;FLEETGUARD // DONALDSON;AF55308 // P633483;U365;365;V1;2;2;C29;FILTROS/RESPUESTOS;FILTROS;GRUA TEREX 780;KG;SIN PEDIDO;;;;;;;;;;
00365 RIO TINTO;1003953;ZSTO;BATERIA 12V 75AMP;MOURA;M30LD;U365;365;RE;9;16;C03;EQUIPOS;REPUESTOS;hilux 2017 en adelante;KG;SIN PEDIDO;;;;;;;;;;
00365 RIO TINTO;1003954;ZSTO;BATERIA 12V 180AMP;;25 PLACAS POR ELEMENTO;U365;365;RE;9;16;C29;FILTROS/RESPUESTOS;REPUESTOS;MAQUINARIA PESADA;KG;SIN PEDIDO;;;;;;;;;;
00365 RIO TINTO;1003957;ZSTO;BATERIA 12V 110 AMP  318X162X220;MOURA;ME100HA;U365;365;RE;11;19;C29;FILTROS/RESPUESTOS;REPUESTOS;BOMAG;KG;SIN PEDIDO;;;;;;;;;;
00365 RIO TINTO;1004046;ZSTO;BATERIA 12V 200 AMP;LEVAS BOSC // LEVAS BOSC // LEVAS BOSC // VOLVO CONS;4180E12VOL180AH1390 // BAT BOSCH S4200E // S5X 220E BOSCH // 22813727;U365;365;RE;8;13;C29;FILTROS/RESPUESTOS;REPUESTOS;VOLVO FMX HID VOLCADORA;KG;SIN PEDIDO;;;;;;;;;;
00365 RIO TINTO;1016658;ZSSD;CMASTRA CUBIERTA TRASERA;GOOD YEAR;235/95 R24;U365;365;V1;3;5;AGV;COMPRAS AGV;CUBIERTAS;CUBIERTAS;KG;MOVIMIENTO 313 PENDIENTE;;;;;;;;;;
00365 RIO TINTO;1018894;ZSSD;FILTRO DE AIRE PRIMARIO;DONALDSON;P182039;U365;365;V1;2;2;AGV;COMPRAS AGV;REPUESTOS;FILTRO;KG;SIN PEDIDO;;;;;;;;;;
00365 RIO TINTO;1018895;ZSSD;FILTRO DE AIRE SECUNDARIO;DONALDSON;P114931;U365;365;V1;2;2;AGV;COMPRAS AGV;REPUESTOS;FILTRO;KG;SIN PEDIDO;;;;;;;;;;
00365 RIO TINTO;1018907;ZSSD;FILTRO TRAMPA DE AGUA;SANY HEAVY;60151839;U365;365;V1;2;2;AGV;COMPRAS AGV;REPUESTOS;FILTRO;KG;SIN PEDIDO;;;;;;;;;;
00365 RIO TINTO;1022005;ZSSD;ACEITE MINERIA 80W90;TUTELKAN S;80W90;U365;365;V1;1;2;AGV;COMPRAS AGV;INSUMOS;ACEITES;KG;MOVIMIENTO 313 PENDIENTE;;;;;;;;;;
00365 RIO TINTO;1022039;ZSTO;FILTRO CABINA RECIRCULACION;COMPACTADO // COMPACTADO;05990092;U365;365;V1;1;2;C29;FILTROS/RESPUESTOS;FILTROS;BOMAG 213;KG;MOVIMIENTO 315 PENDIENTE;;;;;;;;;;
00365 RIO TINTO;1027761;ZSTO;FILTRO DE AIRE PRIMARIO;CNH;CNH47931042;U365;365;V1;2;2;C29;FILTROS/RESPUESTOS;FILTROS;?;KG;SIN PEDIDO;;;;;;;;;;
00365 RIO TINTO;1027762;ZSTO;FILTRO DE AIRE SECUNDARIO;CNH;CNH47931043;U365;365;V1;2;2;C29;FILTROS/RESPUESTOS;FILTROS;?;KG;SIN PEDIDO;;;;;;;;;;
00365 RIO TINTO;1027763;ZSTO;FILTRO TRAMPA DE AGUA;DONALDSON;P551361;U365;365;V1;2;2;C29;FILTROS/RESPUESTOS;FILTROS;?;KG;SIN PEDIDO;;;;;;;;;;
00365 RIO TINTO;1042184;ZSSD;CUBIERTA 315/80 22.5 TRACCION;FIRESTONE; 315/80 22.5 TRACCION;U365;365;V1;3;5;AGV;COMPRAS AGV;CUBIERTAS;?;KG;MOVIMIENTO 313 PENDIENTE;;;;;;;;;;
00365 RIO TINTO;1047057;ZSTO;FILTRO RESPIRADERO;;YN57V00010S002;U365;365;V1;3;3;AGV;COMPRAS AGV;REPUESTOS;FILTRO;KG;SIN PEDIDO;;;;;;;;;;
00365 RIO TINTO;1049599;ZSTO;FILTRO ADMISION PRIMARIO;;FLEETGUARD AF26413 /SANY 61020095 /;U365;365;V1;2;2;AGV;COMPRAS AGV;REPUESTOS;FILTRO;KG;SIN PEDIDO;;;;;;;;;;
00365 RIO TINTO;1049600;ZSTO;FILTRO ADMISION SECUNDARIO;;FLEETGUARD AF26414 / SANY 61020096 /;U365;365;V1;2;2;AGV;COMPRAS AGV;REPUESTOS;FILTRO;KG;SIN PEDIDO;;;;;;;;;;
00365 RIO TINTO;1055070;ZSTO;ACEITE TRANSMISION - S6 ATF A295;;ALTERNATIVO: MOBIL SINTETICO DELVAC ATF;U365;365;V1;2;3;C29;FILTROS/RESPUESTOS;LUBRICANTES;?;KG;MOVIMIENTO 313 PENDIENTE;;;;;;;;;;
00372 UTE 372 GEO POSCO II;1001682;ZSTO;MAMEL. 1°CAL. DESC. LAMIN.BLANCO 60GR.XL;;FABRICANTE:DUPONT | MODELO:TYVEK 500;U003;372;V1;80;150;C28;SEGURIDAD/ROPA/EPP;SEGURIDAD;INDUMENTARIA;KG;SIN PEDIDO;;;;;;;;;;
00372 UTE 372 GEO POSCO II;1001701;ZSTO;GUANTE NITRILO AZUL PUÑO ELASTIZADO;;;U003;372;V1;3;5;C28;SEGURIDAD/ROPA/EPP;SEGURIDAD;GUANTE;KG;SIN PEDIDO;;;;;;;;;;
00372 UTE 372 GEO POSCO II;1001707;ZSTO;CHALECOGRAFANARANJACONREFLETIVOT.XLC2;;MÚLT. 12U;U003;372;V1;15;33;C28;SEGURIDAD/ROPA/EPP;SEGURIDAD;INDUMENTARIA;KG;SIN PEDIDO;;;;;;;;;;
00372 UTE 372 GEO POSCO II;1001754;ZSTO;BOTIN MARRON/NEGRO FLOR P.ACERO N 38;CONWORK // VORAN // CALZADOS A // // // // BORIS;53BAF // CRONOS N T38 // ESCORPIO PRUS 1050 T38 // RINGO MOD BOLT TALLE 38 // RINGO-MOD PUNCH TALLE 38 // SKIWAY MOD. 3243 T38 // 3305 T38;U003;372;RE;1;2;C28;SEGURIDAD/ROPA/EPP;SEGURIDAD;CALZADO;KG;SIN PEDIDO;;;;;;;;;;
00372 UTE 372 GEO POSCO II;1001757;ZSTO;BOTIN MARRON/NEGRO FLOR P.ACERO N 41;CONWORK // VORAN // CALZADOS A // // // // BORIS;53BAF // CRONOS N T41 // ESCORPIO PRUS 1050 T41 // RINGO MOD BOLT TALLE 41 // RINGO-MOD PUNCH TALLE 41 // SKIWAY MOD. 3243 T41 // 3305 T41;U003;372;V1;4;6;C28;SEGURIDAD/ROPA/EPP;SEGURIDAD;CALZADO;KG;SIN PEDIDO;;;;;;;;;;
00372 UTE 372 GEO POSCO II;1001760;ZSTO;BOTINMARRON/NEGRO FLOR P.ACERO N 44;CONWORK // VORAN // CALZADOS A // // // BORIS;53BAF // CRONOS N T44 // ESCORPIO PRUS 1050 T44 // RINGO MOD BOLT TALLE 44 // RINGO-MOD PUNCH TALLE 44 // 3305 T44;U003;372;V1;2;3;C28;SEGURIDAD/ROPA/EPP;SEGURIDAD;CALZADO;KG;SIN PEDIDO;;;;;;;;;;
00372 UTE 372 GEO POSCO II;1001778;ZSTO;YERBA MATE X 500GRS X UN;;;U003;372;V1;31;50;C17;INSUMOS A;ALIMENTOS;?;KG;MOVIMIENTO 313 PENDIENTE;;;;;;;;;;
00372 UTE 372 GEO POSCO II;1001784;ZSTO;ACEITE  HY GARD X 209L;JOHN DEERE;HY GARD;U003;372;RE;1;1;L01;ACEITES;LUBRICANTES;ACEITES;KG;SIN PEDIDO;;;;;;;;;;
00372 UTE 372 GEO POSCO II;1001827;ZSTO;CUBIERTA 12.00 R20 FG85 (lineal);PIRELLI NE // GOOD YEAR // MICHELIN A;FG85 // G686MSS // XZY3;U003;372;RE;2;2;C48;CUBIERTAS CAMIONES;CUBIERTAS;IVECO TRAKKER;KG;SIN PEDIDO;;;;;;;;;;
00372 UTE 372 GEO POSCO II;1001888;ZSTO;BOLSAS RESIDUOS XUN 102X130 NEGRA;;;U003;372;V1;120;250;C17;INSUMOS A;LIMPIEZA;LIMPIEZA /SEGURIDAD;KG;SIN PEDIDO;;;;;;;;;;
00372 UTE 372 GEO POSCO II;1001892;ZSTO;BOLSAS RESIDUOS XUN 102X130ROJA100MICXUN;;;U003;372;V1;80;150;C17;INSUMOS A;LIMPIEZA;LIMPIEZA /SEGURIDAD;KG;SIN PEDIDO;;;;;;;;;;
00372 UTE 372 GEO POSCO II;1001895;ZSTO;ALCOHOL LIQUIDO X LITRO;;;U003;372;V1;9;17;C17;INSUMOS A;LIMPIEZA;ALCOHOL LIQUIDO;KG;SIN PEDIDO;;;;;;;;;;
00372 UTE 372 GEO POSCO II;1001907;ZSTO;PAPEL HIGIENICO DOPBLE HOJA X30 MTS X 4;ELEGANTE // ELITE;6607;U003;372;V1;5;8;C17;INSUMOS A;LIMPIEZA;INSUMOS;KG;MOVIMIENTO 313 PENDIENTE;;;;;;;;;;
00372 UTE 372 GEO POSCO II;1001933;ZSTO;DISCO 114x1,6x222 REFORZADO x UN;TYROLIT;114X16X222;U003;372;V1;26;50;C27;FERRETERIA MR01;FERRETERIA;ABRASIVOS/DISCOS;KG;SIN PEDIDO;;;;;;;;;;
00372 UTE 372 GEO POSCO II;1001962;ZSTO;CINTA AISLADORA ROJA X10MT;;;U003;372;V1;6;10;C27;FERRETERIA MR01;FERRETERIA;INSUMOS;KG;SIN PEDIDO;;;;;;;;;;
00372 UTE 372 GEO POSCO II;1002012;ZSTO;PANTALON JEAN T.40;;;U003;372;V1;6;8;C28;SEGURIDAD/ROPA/EPP;ROPA;INDUMENTARIA;KG;SIN PEDIDO;;;;;;;;;;
00372 UTE 372 GEO POSCO II;1002014;ZSTO;PANTALON JEAN T.44;;;U003;372;V1;8;12;C28;SEGURIDAD/ROPA/EPP;ROPA;INDUMENTARIA;KG;MOVIMIENTO 313 PENDIENTE;;;;;;;;;;
00372 UTE 372 GEO POSCO II;1002015;ZSTO;PANTALON JEAN T.46;;;U003;372;V1;8;12;C28;SEGURIDAD/ROPA/EPP;ROPA;INDUMENTARIA;KG;MOVIMIENTO 313 PENDIENTE;;;;;;;;;;
00372 UTE 372 GEO POSCO II;1002046;ZSTO;CAMISETA PRIMERA PIEL T.XL;;;U003;372;V1;5;13;C28;SEGURIDAD/ROPA/EPP;SEGURIDAD;INDUMENTARIA;KG;SIN PEDIDO;;;;;;;;;;
00372 UTE 372 GEO POSCO II;1002051;ZSTO;CAMPERA 2 PIEL T. L;;;U003;372;V1;8;13;C28;SEGURIDAD/ROPA/EPP;SEGURIDAD;INDUMENTARIA;KG;SIN PEDIDO;;;;;;;;;;
00372 UTE 372 GEO POSCO II;1002063;ZSTO;CAMPERA DESCARNE T.XL;;;U003;372;RE;1;1;C28;SEGURIDAD/ROPA/EPP;SEGURIDAD;INDUMENTARIA;KG;SIN PEDIDO;;;;;;;;;;
00372 UTE 372 GEO POSCO II;1002067;ZSTO;PANTALON PRIMERA PIEL T.XL;;;U003;372;V1;5;13;C28;SEGURIDAD/ROPA/EPP;SEGURIDAD;INDUMENTARIA;KG;MOVIMIENTO 313 PENDIENTE;;;;;;;;;;
00372 UTE 372 GEO POSCO II;1002071;ZSTO;CAMPERA DESCARNE T.XXXL;;;U003;372;RE;1;1;C28;SEGURIDAD/ROPA/EPP;SEGURIDAD;INDUMENTARIA;KG;SIN PEDIDO;;;;;;;;;;
00372 UTE 372 GEO POSCO II;1002190;ZSTO;CORREA AIRE ACONDICIONADO;BOMAG GMBH;6312244;U003;372;RE;2;2;C29;FILTROS/RESPUESTOS;CORREAS;BOMAG 213 HD4;KG;SIN PEDIDO;;;;;;;;;;
00372 UTE 372 GEO POSCO II;1002838;ZSTO;FILTRO ACEITE;TOYOTA ARG // TOYOTA ARG;909152000300 // 90915YZZD2;U003;372;V1;5;10;F03;FILTRO ACEITE;FILTROS;PARA HILUX;KG;SIN PEDIDO;;;;;;;;;;
00372 UTE 372 GEO POSCO II;1003087;ZSTO;FILTRO COMBUSTIBLE;TOYOTA ARG //;233900L07000 // 233900L100;U003;372;V1;5;10;F06;FILTRO COMBUSTIBLE;FILTROS;HILUX 2017;KG;SIN PEDIDO;;;;;;;;;;
00372 UTE 372 GEO POSCO II;1003088;ZSTO;FILTRO AIRE;TOYOTA ARG // TOYOTA ARG;178010L04000 // 178010E030;U003;372;V1;5;10;F04;FILTRO AIRE;FILTROS;HILUX 2017;KG;SIN PEDIDO;;;;;;;;;;
00372 UTE 372 GEO POSCO II;1003358;ZSTO;FILTRO AIRE XUN;FLEETGUARD // DONALDSON // // No aplica;AH1136 // B085001 // C085004 // PA2815;U003;372;V1;2;2;F04;FILTRO AIRE;FILTROS;ONAN 67412;KG;SIN PEDIDO;;;;;;;;;;
00372 UTE 372 GEO POSCO II;1015977;ZSCD;RODILLERA SOLDADOR;;;U003;372;V1;18;35;C28;SEGURIDAD/ROPA/EPP;SEGURIDAD;EPP;KG;SIN PEDIDO;;;;;;;;;;
00372 UTE 372 GEO POSCO II;1015982;ZSCD;CAMISA JEAN T.42;;;U003;372;V1;6;8;C28;SEGURIDAD/ROPA/EPP;ROPA;INDUMENTARIA;KG;MOVIMIENTO 313 PENDIENTE;;;;;;;;;;
00372 UTE 372 GEO POSCO II;1017046;ZSSD;CEPILLO VIOLIN P LAVAR COCHES;;;U003;372;V1;2;5;C17;INSUMOS A;LIMPIEZA;?;KG;MOVIMIENTO 313 PENDIENTE;;;;;;;;;;
00372 UTE 372 GEO POSCO II;1021945;ZSTO;ACEITE Hydrau x 209 lts  ;JOHN DEERE;TY27368;U003;372;RE;1;1;L01;ACEITES;LUBRICANTES;JOHN DEERE;KG;SIN PEDIDO;;;;;;;;;;
00372 UTE 372 GEO POSCO II;1026185;ZSSD;GUANTE ANTICORTE GRADO 5 C/CERTIFICADO;;MÚLT. 12U;U003;372;V1;18;30;C28;SEGURIDAD/ROPA/EPP;SEGURIDAD;GUANTES;KG;MOVIMIENTO 313 PENDIENTE;;;;;;;;;;
00372 UTE 372 GEO POSCO II;1026186;ZSSD;MANGA ANTICORTE GRADO 5 C/CERTIFICADO;;;U003;372;V1;18;30;C28;SEGURIDAD/ROPA/EPP;SEGURIDAD;EPP;KG;SIN PEDIDO;;;;;;;;;;
00372 UTE 372 GEO POSCO II;1027449;ZSTO;CORREA MOTOR;GOMA 2000 //;8PK1939 // 8PK1940;U003;372;RE;1;1;C03;EQUIPOS;CORREAS;CAMIONES;KG;SIN PEDIDO;;;;;;;;;;
00372 UTE 372 GEO POSCO II;1042129;ZSCD;CAMISA JEAN T.40;;;U003;372;V1;6;8;C28;SEGURIDAD/ROPA/EPP;INDUMENTARIA;INDUMENTARIA;KG;MOVIMIENTO 313 PENDIENTE;;;;;;;;;;
00372 UTE 372 GEO POSCO II;1048110;ZSTO;KIT CUÑA GEOSTAR 7;;148.489;U003;372;RE;1;2;CGT;GC Geotextiles;REPUESTOS;?;KG;SIN PEDIDO;;;;;;;;;;
00374 TERMINAL PUNTA COLORADA;1000009;ZSTO;FILTRO A A CABINA INTERIOR;NEW HOLLAN;84577445;MR01;374;V1;2;2;F10;FILTRO HVAC;FILTROS;FARMALL A-120;KG;SIN PEDIDO;;;;;;;;;;
00374 TERMINAL PUNTA COLORADA;1000030;ZSTO;FILTRO HIDRAULICO;PALFINGER //;EA1412 // MSA02 KIT;MR01;374;V1;2;2;F07;FILTRO FLUIDO HIDR;FILTROS;PKB15500;KG;SIN PEDIDO;;;;;;;;;;
00374 TERMINAL PUNTA COLORADA;1001706;ZSTO;GUANTE LATEX USO MEDICINAL CAJA X 100 UN;;;MR01;374;V1;2;2;C28;SEGURIDAD/ROPA/EPP;SEGURIDAD;GUANTE;KG;SIN PEDIDO;;;;;;;;;;
00374 TERMINAL PUNTA COLORADA;1001834;ZSTO;CUBIERTA 265 65 17 DUELER A T 693;BRIDGESTON // BRIDGESTON // PIRELLI NE // PIRELLI NE // GOOD YEAR;DUELER A T 693 // AT REVO 2 // S MTR // SCORPION ATR // WRANGLER WORKHORSE;MR01;374;V1;8;16;C47;CUBIERTAS AUTOMOTR;CUBIERTAS;hilux hasta 2016;KG;SIN PEDIDO;;;;;;;;;;
00374 TERMINAL PUNTA COLORADA;1002115;ZSTO;CORREA MOTOR;CATERPILLA;2432143;MR01;374;V1;2;2;C29;FILTROS/RESPUESTOS;CORREAS;CAT 938 H;KG;SIN PEDIDO;;;;;;;;;;
00374 TERMINAL PUNTA COLORADA;1002123;ZSTO;CORREA;JOHN DEERE // JOHN DEERE;T197521 // T428724;MR01;374;V1;2;2;C29;FILTROS/RESPUESTOS;CORREAS;JD 544J;KG;SIN PEDIDO;;;;;;;;;;
00374 TERMINAL PUNTA COLORADA;1002164;ZSTO;CORREA MOTOR VW 31-320 CONSTELATION XUN;CONTINENTA;8PK1980;MR01;374;V1;2;2;C29;FILTROS/RESPUESTOS;CORREAS;VW 31-320 CONSTELATION;KG;SIN PEDIDO;;;;;;;;;;
00374 TERMINAL PUNTA COLORADA;1002174;ZSTO;CORREA A A X UN;KOMATSU HO;412021761;MR01;374;V1;2;2;C29;FILTROS/RESPUESTOS;CORREAS;PC350LC8;KG;SIN PEDIDO;;;;;;;;;;
00374 TERMINAL PUNTA COLORADA;1002195;ZSTO;CORREA DE ALTERNADOR;BOBCAT;7100104;MR01;374;V1;2;2;C29;FILTROS/RESPUESTOS;CORREAS;BOBCAT S530;KG;SIN PEDIDO;;;;;;;;;;
00374 TERMINAL PUNTA COLORADA;1002202;ZSTO;CORREA PRINCIPAL;CATERPILLA;3508742;MR01;374;V1;2;2;C29;FILTROS/RESPUESTOS;CORREAS;CORREAS;KG;SIN PEDIDO;;;;;;;;;;
00374 TERMINAL PUNTA COLORADA;1002204;ZSTO;CORREA ALTERNADOR;;3032915 // AV 13X890;MR01;374;V1;2;2;C03;EQUIPOS;CORREAS;HIMOINSA LTA 8 V LED;KG;SIN PEDIDO;;;;;;;;;;
00374 TERMINAL PUNTA COLORADA;1002205;ZSTO;CORREA DE ALTERNADOR;;1F504013617 // 5802350473;MR01;374;V1;2;2;C29;FILTROS/RESPUESTOS;CORREAS;DIECHI SAMSON 75.10;KG;SIN PEDIDO;;;;;;;;;;
00374 TERMINAL PUNTA COLORADA;1002270;ZSTO;PATIN CENTRAL DE VERTEDERA;CATERPILLA // CATERPILLA;1781685 // 4461527;MR01;374;V1;2;2;G01;CUCHILLAS;DESGASTE;CAT 140H;KG;SIN PEDIDO;;;;;;;;;;
00374 TERMINAL PUNTA COLORADA;1002365;ZSTO;CUCHILLA PARA BALDE 68;BOBCAT;PRPBO6716015;MR01;374;V1;1;1;G01;CUCHILLAS;DESGASTE;BOBCAT S530 /Á S185;KG;SIN PEDIDO;;;;;;;;;;
00374 TERMINAL PUNTA COLORADA;1002390;ZSTO;PORTA UNAS CENTRALES;;KH115020;MR01;374;V1;3;3;G04;UÑAS;DESGASTE;PC130-8 OM;KG;SIN PEDIDO;;;;;;;;;;
00374 TERMINAL PUNTA COLORADA;1002516;ZSTO;FILTRO ACEITE XUN;JOHN DEERE // JOHN DEERE // DONALDSON;RE59754 // DZ118286 // P551352;MR01;374;V1;2;2;F03;FILTRO ACEITE;FILTROS;JD 6615;KG;SIN PEDIDO;;;;;;;;;;
00374 TERMINAL PUNTA COLORADA;1002524;ZSTO;FILTRO ACEITE MOTOR;MANN // // BALDWIN // FLEETGUARD;W962 // 0986B01027 // B236 // LF4054;MR01;374;V1;2;2;F03;FILTRO ACEITE;FILTROS;FILTROS;KG;SIN PEDIDO;;;;;;;;;;
00374 TERMINAL PUNTA COLORADA;1002527;ZSTO;FILTRO AIRE CABINA;CATERPILLA // CATERPILLA;2457823 // 5460006;MR01;374;V1;2;2;F05;FILTRO AIRE CABINA;FILTROS;CAT 324DL;KG;SIN PEDIDO;;;;;;;;;;
00374 TERMINAL PUNTA COLORADA;1002552;ZSTO;COMBUSTIBLE J.D. XUN;JOHN DEERE // JOHN DEERE;DQ24057 // AT81478;MR01;374;V1;2;2;F06;FILTRO COMBUSTIBLE;FILTROS;JD 6615;KG;SIN PEDIDO;;;;;;;;;;
00374 TERMINAL PUNTA COLORADA;1002568;ZSTO;FILTRO HIDRAULICO J.D. XUN;JOHN DEERE //;AL156625 // AL221066;MR01;374;V1;2;2;F07;FILTRO FLUIDO HIDR;FILTROS;JD 6615;KG;SIN PEDIDO;;;;;;;;;;
00374 TERMINAL PUNTA COLORADA;1002580;ZSTO;FILTRO X UN;FLEETGUARD // DONALDSON // DONALDSON //;WF2071 // P552070 // P552071 // WF2070;MR01;374;V1;2;2;F14;GENERICOS FILTROS;FILTROS;FILTROS;KG;SIN PEDIDO;;;;;;;;;;
00374 TERMINAL PUNTA COLORADA;1002612;ZSTO;FILTRO AIRE JOHN DEERE;JOHN DEERE // No aplica // JOHN DEERE;AL177184 // 119095 // AL225552;MR01;374;V1;2;2;F04;FILTRO AIRE;FILTROS;JD 6615;KG;SIN PEDIDO;;;;;;;;;;
00374 TERMINAL PUNTA COLORADA;1002613;ZSTO;FILTRO AIRE;JOHN DEERE;AL150288;MR01;374;V1;2;2;F04;FILTRO AIRE;FILTROS;JD 6615;KG;SIN PEDIDO;;;;;;;;;;
00374 TERMINAL PUNTA COLORADA;1002642;ZSTO;FILTRO AIRE;MOTORCRAFT // //;RFA6B // C17308 // P619859;MR01;374;V1;2;2;F04;FILTRO AIRE;FILTROS;FILTROS;KG;SIN PEDIDO;;;;;;;;;;
00374 TERMINAL PUNTA COLORADA;1002650;ZSTO;FILTRO CORROSION KOMATSU XUN;KOMATSU HO;6004111191;MR01;374;V1;2;2;F02;FILTRO ANTICORROSI;FILTROS;PC350LC8;KG;SIN PEDIDO;;;;;;;;;;
00374 TERMINAL PUNTA COLORADA;1002658;ZSTO;FILTRO HIDRAULICO KMS 155AX6 XUN;KOMATSU HO // KOMATSU HO;2076071182 // 2076071181;MR01;374;V1;2;2;F07;FILTRO FLUIDO HIDR;FILTROS;KMS 155AX6 PC 350LC8;KG;SIN PEDIDO;;;;;;;;;;
00374 TERMINAL PUNTA COLORADA;1002660;ZSTO;FILTRO HIDRAULICO;JOHN DEERE // JOHN DEERE // JOHN DEERE;AL160316 // AL160771 // AL203061;MR01;374;V1;2;2;F07;FILTRO FLUIDO HIDR;FILTROS;JD 6615;KG;SIN PEDIDO;;;;;;;;;;
00374 TERMINAL PUNTA COLORADA;1002719;ZSTO;RESPIR. TQ. HIDRAULICO XUN;KOMATSU HO;20Y6021470;MR01;374;V1;2;2;F07;FILTRO FLUIDO HIDR;FILTROS;PC350LC8;KG;SIN PEDIDO;;;;;;;;;;
00374 TERMINAL PUNTA COLORADA;1002733;ZSTO;FILTRO AIRE CABINA XUN;CATERPILLA // CATERPILLA;2321732 // 2314487;MR01;374;V1;2;2;F05;FILTRO AIRE CABINA;FILTROS;CAT;KG;SIN PEDIDO;;;;;;;;;;
00374 TERMINAL PUNTA COLORADA;1002734;ZSTO;FILTRO AIRE SECUNDARIO;CATERPILLA // DONALDSON;2456376 // P782108;MR01;374;V1;2;2;F04;FILTRO AIRE;FILTROS;CAT 140K;KG;SIN PEDIDO;;;;;;;;;;
00374 TERMINAL PUNTA COLORADA;1002735;ZSTO;FILTRO AIRE PRIMARIO XUN;CATERPILLA // DONALDSON;2456375 // P782105;MR01;374;V1;2;2;F04;FILTRO AIRE;FILTROS;CAT;KG;SIN PEDIDO;;;;;;;;;;
00374 TERMINAL PUNTA COLORADA;1002740;ZSTO;FILTRO HIDRAULICO;CATERPILLA;937521;MR01;374;V1;2;2;F07;FILTRO FLUIDO HIDR;FILTROS;CAT 330;KG;SIN PEDIDO;;;;;;;;;;
00374 TERMINAL PUNTA COLORADA;1002745;ZSTO;FILTRO AIRE CABINA;CATERPILLA // CATERPILLA // CATERPILLA;2931183 // 3050329 // 4I1278;MR01;374;V1;2;2;F05;FILTRO AIRE CABINA;FILTROS;CAT 336 DLME;KG;SIN PEDIDO;;;;;;;;;;
00374 TERMINAL PUNTA COLORADA;1002746;ZSTO;UNIDAD SELLO FILTRO HIDRAULICO;CATERPILLA;5I8670;MR01;374;V1;2;2;C29;FILTROS/RESPUESTOS;FILTROS;CAT 330;KG;SIN PEDIDO;;;;;;;;;;
00374 TERMINAL PUNTA COLORADA;1002781;ZSTO;FILTRO AIRE;JOHN DEERE;AL172780;MR01;374;V1;2;2;F04;FILTRO AIRE;FILTROS;JD 6615;KG;SIN PEDIDO;;;;;;;;;;
00374 TERMINAL PUNTA COLORADA;1002811;ZSTO;FILTRO TRAMPA DE AGUA;PARKER RAC;2R0127177;MR01;374;V1;2;2;F13;FILTRO TRAMPA DE A;FILTROS;FILTROS;KG;SIN PEDIDO;;;;;;;;;;
00374 TERMINAL PUNTA COLORADA;1002878;ZSTO;FILTRO RESPIRADERO TRANSMISION XUN;KOMATSU HO //;0703000252 // FS 127;MR01;374;V1;2;2;F04;FILTRO AIRE;FILTROS;KMS 155AX6;KG;SIN PEDIDO;;;;;;;;;;
00374 TERMINAL PUNTA COLORADA;1002971;ZSTO;FILTRO DE TRANSMISION CAT;CATERPILLA //;3375270 // 5715253;MR01;374;V1;2;2;F03;FILTRO ACEITE;FILTROS;CAT D8,D9,336,775,390,988;KG;SIN PEDIDO;;;;;;;;;;
00374 TERMINAL PUNTA COLORADA;1003019;ZSTO;FILTRO RESPIRADERO TANQUE HIDRAULICO;KOMATSU HO;2076051311;MR01;374;V1;2;2;F07;FILTRO FLUIDO HIDR;FILTROS;KOMATSU PC 350;KG;SIN PEDIDO;;;;;;;;;;
00374 TERMINAL PUNTA COLORADA;1003031;ZSTO;FILTRO DE COMBUSTIBLE;CATERPILLA;1R1804;MR01;374;V1;2;2;F06;FILTRO COMBUSTIBLE;FILTROS;CAT;KG;SIN PEDIDO;;;;;;;;;;
00374 TERMINAL PUNTA COLORADA;1003032;ZSTO;FILTRO TRAMPA DE AGUA;CATERPILLA;4385386;MR01;374;V1;2;2;F13;FILTRO TRAMPA DE A;FILTROS;CAT;KG;SIN PEDIDO;;;;;;;;;;
00374 TERMINAL PUNTA COLORADA;1003039;ZSTO;FILTRO SECADOR DE AIRE;SCANIA ARG // SCANIA ARG // SCANIA ARG // SCANIA ARG;2307617 // 2081360 // 2484686 // 2562323;MR01;374;V1;2;2;F11;FILTRO SECADOR DE;FILTROS;CAMION TRACTOR SCANIA G410;KG;SIN PEDIDO;;;;;;;;;;
00374 TERMINAL PUNTA COLORADA;1003044;ZSTO;FILTRO HIDRAULICO DE RETORNO;CATERPILLA;3987171;MR01;374;V1;2;2;F07;FILTRO FLUIDO HIDR;FILTROS;CAT 312 D2L;KG;SIN PEDIDO;;;;;;;;;;
00374 TERMINAL PUNTA COLORADA;1003069;ZSTO;SECANTE CSA 2018;CATERPILLA //;2032389 // 5879321;MR01;374;V1;2;2;F14;GENERICOS FILTROS;FILTROS;CAT 140 K;KG;SIN PEDIDO;;;;;;;;;;
00374 TERMINAL PUNTA COLORADA;1003112;ZSTO;FILTRO HIDRAULICO;CNH // DONALDSON;47628831 // P164375;MR01;374;V1;2;2;F07;FILTRO FLUIDO HIDR;FILTROS;FARMALL A-120;KG;SIN PEDIDO;;;;;;;;;;
00374 TERMINAL PUNTA COLORADA;1003113;ZSTO;FILTRO HIDRAULICO;CNH // DONALDSON;47427164 // P551364;MR01;374;V1;2;2;F07;FILTRO FLUIDO HIDR;FILTROS;FARMALL A-120;KG;SIN PEDIDO;;;;;;;;;;
00374 TERMINAL PUNTA COLORADA;1003114;ZSTO;FILTRO HIDRAULICO;CNH // DONALDSON;47628830 // P551551;MR01;374;V1;2;2;F07;FILTRO FLUIDO HIDR;FILTROS;FARMALL A-120;KG;SIN PEDIDO;;;;;;;;;;
00374 TERMINAL PUNTA COLORADA;1003124;ZSTO;FILTRO DE TRANSMISION CAJA DE CAMBIOS;VOLVO CONS;21479106;MR01;374;V1;2;2;F03;FILTRO ACEITE;FILTROS;VOLVO 330;KG;SIN PEDIDO;;;;;;;;;;
00374 TERMINAL PUNTA COLORADA;1003125;ZSTO;FILTRO SECADOR DE AIRE;VOLVO CONS;21620181;MR01;374;V1;2;2;F11;FILTRO SECADOR DE;FILTROS;VOLVO 330;KG;SIN PEDIDO;;;;;;;;;;
00374 TERMINAL PUNTA COLORADA;1003161;ZSTO;FILTRO DE RETORNO;PALFINGER // HIFI FILTE // HIFI FILTE // MAHLE FILT //;EA5811 // SF FILTER HY9784‑SET // SH55186 // D176945RN2010V17 // MDH8165;MR01;374;V1;2;2;F07;FILTRO FLUIDO HIDR;FILTROS;PALFINGER PK23500B (S406-SKA);KG;SIN PEDIDO;;;;;;;;;;
00374 TERMINAL PUNTA COLORADA;1003162;ZSTO;FILTRO EN LINEA DE PRESION;PALFINGER;EA4923;MR01;374;V1;2;2;F07;FILTRO FLUIDO HIDR;FILTROS;PALFINGER PK23500B (S406-SKA);KG;SIN PEDIDO;;;;;;;;;;
00374 TERMINAL PUNTA COLORADA;1003164;ZSTO;FILTRO DE BOMBA SIST. UREA;VOLVO CONS;20877958;MR01;374;V1;2;2;F09;FILTRO DE UREA;FILTROS;VOLVO 330;KG;SIN PEDIDO;;;;;;;;;;
00374 TERMINAL PUNTA COLORADA;1003206;ZSTO;FILTRO TRAMPA DE AGUA;VOLKSWAGEN // //;2T2201847 // FS19727 // FS20047;MR01;374;V1;2;2;F13;FILTRO TRAMPA DE A;FILTROS;VW 19-360;KG;SIN PEDIDO;;;;;;;;;;
00374 TERMINAL PUNTA COLORADA;1003237;ZSTO;FILTRO DE COMBUSTIBLE;CATERPILLA;5000480;MR01;374;V1;2;2;F06;FILTRO COMBUSTIBLE;FILTROS;CAT 140K;KG;SIN PEDIDO;;;;;;;;;;
00374 TERMINAL PUNTA COLORADA;1003238;ZSTO;FILTRO TRAMPA DE AGUA;CATERPILLA //;4367077 // SN40863;MR01;374;V1;2;2;F13;FILTRO TRAMPA DE A;FILTROS;CAT 140K;KG;SIN PEDIDO;;;;;;;;;;
00374 TERMINAL PUNTA COLORADA;1003241;ZSTO;MANN CF1651;MANN //;CF1651 // P750003;MR01;374;V1;2;2;F14;GENERICOS FILTROS;FILTROS;VOLVO 330;KG;SIN PEDIDO;;;;;;;;;;
00374 TERMINAL PUNTA COLORADA;1003255;ZSTO;FILTRO HIDRAULICO;DIECI // //;BHC3012 // P171621 // P565244;MR01;374;V1;2;2;F07;FILTRO FLUIDO HIDR;FILTROS;DIECHI SAMSON 75.10;KG;SIN PEDIDO;;;;;;;;;;
00374 TERMINAL PUNTA COLORADA;1003257;ZSTO;FILTRO HIDRAULICO DE DEPOSITO;DIECI //;BHC0105 // SH77508;MR01;374;V1;2;2;F07;FILTRO FLUIDO HIDR;FILTROS;DIECHI SAMSON 75.10;KG;SIN PEDIDO;;;;;;;;;;
00374 TERMINAL PUNTA COLORADA;1003282;ZSTO;FILTRO COLADOR DE TANQUE COMBUSTIBLE;TEREX;RPTX0906040353;MR01;374;V1;2;2;F06;FILTRO COMBUSTIBLE;FILTROS;TEREX RT 35;KG;SIN PEDIDO;;;;;;;;;;
00374 TERMINAL PUNTA COLORADA;1003283;ZSTO;FILTRO HIDRAULICO;TEREX;RPTX0906041039;MR01;374;V1;2;2;F07;FILTRO FLUIDO HIDR;FILTROS;TEREX RT 35;KG;SIN PEDIDO;;;;;;;;;;
00374 TERMINAL PUNTA COLORADA;1003299;ZSTO;FILTRO RETORNO TANQUE HIDRAULICO;UFI FILTER // DONALDSON;ESE11NCC // P565243;MR01;374;V1;2;2;F07;FILTRO FLUIDO HIDR;FILTROS;VOLCADORA BACO;KG;SIN PEDIDO;;;;;;;;;;
00374 TERMINAL PUNTA COLORADA;1003343;ZSTO;FILTRO COMBUSTIBLE;VOLKSWAGEN // // // // FORD // MWM INTERN;90541150027 // P551523 // WK 962/13 // 2R0127177N // 6L5Z7A508AB // 905411510042;MR01;374;V1;2;2;F06;FILTRO COMBUSTIBLE;FILTROS;VW 26.260;KG;SIN PEDIDO;;;;;;;;;;
00374 TERMINAL PUNTA COLORADA;1003379;ZSTO;PISTOLA DE ENGRASE NEUMATICA;VULCANO;MG301;MR01;374;V1;2;2;C27;FERRETERIA MR01;HERRAMIENTAS;HERRAMIENTAS MANUALES;KG;SIN PEDIDO;;;;;;;;;;
00374 TERMINAL PUNTA COLORADA;1003670;ZSTO;PIN PIN CHISEL;DAEMO ENGI //;B23510780 // B23510783;MR01;374;V1;2;2;C29;FILTROS/RESPUESTOS;REPUESTOS;DAEMO;KG;SIN PEDIDO;;;;;;;;;;
00374 TERMINAL PUNTA COLORADA;1003707;ZSTO;CORREA;CNH // No aplica;504049426 // 5802113881;MR01;374;V1;2;2;C29;FILTROS/RESPUESTOS;REPUESTOS;POLY V 12pk1835;KG;SIN PEDIDO;;;;;;;;;;
00374 TERMINAL PUNTA COLORADA;1003724;ZSTO;AMORTIGUADOR TRASERO DERECHO;TOYOTA ARG // TOYOTA ARG;485318Z021 / 485318Z019 // 485318Z019;MR01;374;V1;2;2;C29;FILTROS/RESPUESTOS;REPUESTOS;HILUX 2017;KG;SIN PEDIDO;;;;;;;;;;
00374 TERMINAL PUNTA COLORADA;1003725;ZSTO;AMORTIGUADOR TRASERO IZQUIERDO;TOYOTA ARG;4854109361;MR01;374;V1;2;2;C29;FILTROS/RESPUESTOS;REPUESTOS;HILUX 2017;KG;SIN PEDIDO;;;;;;;;;;
00374 TERMINAL PUNTA COLORADA;1003839;ZSTO;JUNTA TORICA FILTRO PILOTO;KOMATSU HO;7067671390;MR01;374;V1;2;2;C29;FILTROS/RESPUESTOS;REPUESTOS;KOMATSU PC 200-8;KG;SIN PEDIDO;;;;;;;;;;
00374 TERMINAL PUNTA COLORADA;1003864;ZSTO;CORREA VENTILADOR xUN (jgox3);CATERPILLA;3196293;MR01;374;V1;2;2;C29;FILTROS/RESPUESTOS;REPUESTOS;CAT 140K;KG;SIN PEDIDO;;;;;;;;;;
00374 TERMINAL PUNTA COLORADA;1013701;ZSSD;21584844  TAPA DE DEPOSITO DE UREA;;;MR01;374;V1;2;2;C29;FILTROS/RESPUESTOS;EQUIPOS;REPUESTOS VARIOS;KG;SIN PEDIDO;;;;;;;;;;
00374 TERMINAL PUNTA COLORADA;1016279;ZSTO;FILTRO LINEA HIDRAULICO;BOMAG GMBH // HIFI FILTE;07993094 // SH 52628;MR01;374;V1;2;2;F06;FILTRO COMBUSTIBLE;FILTROS;FILTRO COMB;KG;SIN PEDIDO;;;;;;;;;;
00374 TERMINAL PUNTA COLORADA;1016281;ZSTO;KIT TUERCA/BULON 30 U P/SEGMENTO CORTE;KOMATSU HO;1783205000;MR01;374;V1;2;2;G05;AJUSTE;DESGASTE;EXCAVADORA KOMATSU PC 240;KG;SIN PEDIDO;;;;;;;;;;
00374 TERMINAL PUNTA COLORADA;1016308;ZSTO;Correa de A/A;GOOD YEAR // POWER SPAN;13X1060 // A42;MR01;374;V1;2;2;C29;FILTROS/RESPUESTOS;CORREAS;CORREAS;KG;SIN PEDIDO;;;;;;;;;;
00374 TERMINAL PUNTA COLORADA;1016919;ZSSD;LUBRICANTE MULTIUSO WD-40 440CC;;;MR01;374;V1;50;70;C27;FERRETERIA MR01;FERRETERIA;ADHESIVOS/SELLADORES/LUBRICANT;KG;SIN PEDIDO;;;;;;;;;;
00374 TERMINAL PUNTA COLORADA;1017233;ZSSD;PAPEL HIGIENICO X72UN XUN;;;MR01;374;V1;2;5;C17;INSUMOS A;LIMPIEZA;LIMPIEZA /SEGURIDAD;KG;SIN PEDIDO;;;;;;;;;;
00374 TERMINAL PUNTA COLORADA;1017792;ZSTO;CORREA DE ALTERNADOR;JOHN DEERE // JOHN DEERE;T321428 // T496608;MR01;374;V1;2;2;C29;FILTROS/RESPUESTOS;CORREAS;CORREAS;KG;SIN PEDIDO;;;;;;;;;;
00374 TERMINAL PUNTA COLORADA;1017949;ZSTO;Correa de Alternador;KOMATSU HO // // KOMATSU HO;6732813531 // 6732-81-3531 // 8PK1700(ALTERNATIVO);MR01;374;V1;2;2;C29;FILTROS/RESPUESTOS;CORREAS;CORREAS;KG;SIN PEDIDO;;;;;;;;;;
00374 TERMINAL PUNTA COLORADA;1018257;ZSTO;FILTRO TRANSMISION;TEREX // // TEREX;H2650573 // P550445 // RPTXH2650573;MR01;374;V1;2;2;F03;FILTRO ACEITE;FILTROS;PC350LC8;KG;SIN PEDIDO;;;;;;;;;;
00374 TERMINAL PUNTA COLORADA;1018427;ZSTO;Correa A/A;CATERPILLA;1749030;MR01;374;V1;2;2;C29;FILTROS/RESPUESTOS;CORREAS;CAT D6T;KG;SIN PEDIDO;;;;;;;;;;
00374 TERMINAL PUNTA COLORADA;1022053;ZSTO;CORREA ALTERNADOR;KOMATSU HO;20Y-01-B4010;MR01;374;V1;2;2;C29;FILTROS/RESPUESTOS;REPUESTOS;KOMATSU PC-220;KG;SIN PEDIDO;;;;;;;;;;
00374 TERMINAL PUNTA COLORADA;1022062;ZSTO;CORREA ALTERNADOR;KOMATSU HO;6743-61-1411;MR01;374;V1;2;2;C29;FILTROS/RESPUESTOS;REPUESTOS;KOMATSU PC 200-8;KG;SIN PEDIDO;;;;;;;;;;
00374 TERMINAL PUNTA COLORADA;1022107;ZSTO;Filtro Admision Primario;JOHN DEERE;AT338105;MR01;374;V1;2;2;F04;FILTRO AIRE;FILTROS;MINICARGADORA JD 324G;KG;SIN PEDIDO;;;;;;;;;;
00374 TERMINAL PUNTA COLORADA;1022108;ZSTO;Filtro Admision Secundario;JOHN DEERE;AT336803;MR01;374;V1;2;2;F04;FILTRO AIRE;FILTROS;MINICARGADORA JD 324G;KG;SIN PEDIDO;;;;;;;;;;
00374 TERMINAL PUNTA COLORADA;1022109;ZSTO;Filtro Aceite Hidraulico;JOHN DEERE;AT435649;MR01;374;V1;2;2;F07;FILTRO FLUIDO HIDR;FILTROS;MINICARGADORA JD 324G;KG;SIN PEDIDO;;;;;;;;;;
00374 TERMINAL PUNTA COLORADA;1022110;ZSTO;Filtro Cabina aire fresco;JOHN DEERE;AT441536;MR01;374;V1;2;2;F05;FILTRO AIRE CABINA;FILTROS;MINICARGADORA JD 324G;KG;SIN PEDIDO;;;;;;;;;;
00374 TERMINAL PUNTA COLORADA;1022112;ZSTO;Filtro Recirculacion de Cabina;JOHN DEERE;AT359416;MR01;374;V1;2;2;F05;FILTRO AIRE CABINA;FILTROS;MINICARGADORA JD 324G;KG;SIN PEDIDO;;;;;;;;;;
00374 TERMINAL PUNTA COLORADA;1022269;ZSTO;Filtro Aceite Motor;JOHN DEERE;MIU800650;MR01;374;V1;2;2;F03;FILTRO ACEITE;FILTROS;MINICARGADORA JD 324G;KG;SIN PEDIDO;;;;;;;;;;
00374 TERMINAL PUNTA COLORADA;1022823;ZSTO;CORREA POLY-V;;2V2903137A;MR01;374;V1;2;2;C03;EQUIPOS;CORREAS;?;KG;SIN PEDIDO;;;;;;;;;;
00374 TERMINAL PUNTA COLORADA;1022825;ZSTO;CORREAAPEZOIDAL;JOHN DEERE;R123307 // DZ119059;MR01;374;V1;2;2;C03;EQUIPOS;CORREAS;?;KG;SIN PEDIDO;;;;;;;;;;
00374 TERMINAL PUNTA COLORADA;1023822;ZSTO;PATIN CORTO;SERVICIOS;5T-8366;MR01;374;V1;2;2;C03;EQUIPOS;DESGASTE;CAT 140H;KG;SIN PEDIDO;;;;;;;;;;
00374 TERMINAL PUNTA COLORADA;1025339;ZSTO;CORREA VENTILADOR MOTOR;;5715360;MR01;374;V1;2;2;C03;EQUIPOS;CORREAS;?;KG;SIN PEDIDO;;;;;;;;;;
00374 TERMINAL PUNTA COLORADA;1025582;ZSTO;CORREA TRAPEZOIDAL;;6312244;MR01;374;V1;2;2;C03;EQUIPOS;CORREAS;?;KG;SIN PEDIDO;;;;;;;;;;
00374 TERMINAL PUNTA COLORADA;1026943;ZSCD;ESCUADRA ALBANIL 90° 60CMx90CM METAL;;;MR01;374;V1;2;2;C27;FERRETERIA MR01;FERRETERIA;HERRAMIENTAS;KG;SIN PEDIDO;;;;;;;;;;
00374 TERMINAL PUNTA COLORADA;1027157;ZSSD;CORREA ALTERNADOR;;8PK1230;MR01;374;V1;2;2;C03;EQUIPOS;CORREAS;?;KG;SIN PEDIDO;;;;;;;;;;
00374 TERMINAL PUNTA COLORADA;1027332;ZSTO;CORREA;JOHN DEERE;T230728;MR01;374;V1;2;2;C03;EQUIPOS;CORREAS;?;KG;SIN PEDIDO;;;;;;;;;;
00374 TERMINAL PUNTA COLORADA;1029327;ZSTO;CORREA MOTOR;;8PK1800;MR01;374;V1;2;2;C03;EQUIPOS;EQUIPOS;AUTOMOTOR;KG;SIN PEDIDO;;;;;;;;;;
00374 TERMINAL PUNTA COLORADA;1029358;ZSTO;CORREA MOTOR;;07W903137;MR01;374;V1;2;2;C03;EQUIPOS;CORREAS;?;KG;SIN PEDIDO;;;;;;;;;;
00374 TERMINAL PUNTA COLORADA;1029481;ZSTO;CORREA POLY V 4PK-1000;SKF;4PK1000 POLY V CONTINENTAL;MR01;374;V1;2;2;C29;FILTROS/RESPUESTOS;CORREAS;?;KG;SIN PEDIDO;;;;;;;;;;
00374 TERMINAL PUNTA COLORADA;1033628;ZSTO;FILTRO HIDRAULICO;;07993110 / SH 52308;MR01;374;V1;2;2;F07;FILTRO FLUIDO HIDR;FILTROS;COMP BOMAG BW 219 DH-5;KG;SIN PEDIDO;;;;;;;;;;
00374 TERMINAL PUNTA COLORADA;1034628;ZSTO;JUNTA DE BALANCINES;;3027433 // 119718-11310;MR01;374;V1;2;2;C29;FILTROS/RESPUESTOS;REPUESTOS;HIMOINSA LTA 8 V LED;KG;SIN PEDIDO;;;;;;;;;;
00374 TERMINAL PUNTA COLORADA;1042118;ZSTO;CORREA MOTOR TRACTOR JD 6405;;L111601 // 82310 8203 TRACTOR JD 6615 DT CON 3 PUNT;MR01;374;V1;2;2;C03;EQUIPOS;CORREAS;JD 6405;KG;SIN PEDIDO;;;;;;;;;;
00374 TERMINAL PUNTA COLORADA;1047449;ZSCD;CARTUCHO P/VAPOR S/ANEXO XPAR;;MARCA: 3M | COD: 6001;MR01;374;V1;2;2;C28;SEGURIDAD/ROPA/EPP;SEGURIDAD;EPP;KG;SIN PEDIDO;;;;;;;;;;
00374 TERMINAL PUNTA COLORADA;1047475;ZSCD;SOLUCION PEGAMENTO P/PARCHE 250CC;;;MR01;374;V1;2;2;C27;FERRETERIA MR01;FERRETERIA;INSUMOS;KG;SIN PEDIDO;;;;;;;;;;
00374 TERMINAL PUNTA COLORADA;1050293;ZSTO;FILTRO AIRE PRIMARIO - SANY SRC900T;;160602020025B;MR01;374;V1;2;2;C29;FILTROS/RESPUESTOS;EQUIPOS;?;KG;SIN PEDIDO;;;;;;;;;;
00374 TERMINAL PUNTA COLORADA;1050295;ZSTO;FILTRO AIRE SECUNDARIO - SANY SRC900T;;160602010040B001;MR01;374;V1;2;2;C29;FILTROS/RESPUESTOS;EQUIPOS;?;KG;SIN PEDIDO;;;;;;;;;;
00374 TERMINAL PUNTA COLORADA;1050296;ZSTO;FILTRO DE ACEITE - SANY SRC900T;;60034227;MR01;374;V1;2;2;C29;FILTROS/RESPUESTOS;EQUIPOS;?;KG;SIN PEDIDO;;;;;;;;;;
00374 TERMINAL PUNTA COLORADA;1050297;ZSTO;FILTRO COMBUSTIBLE  - SANY SRC900T;;131288000041A // 5289992 DCEC CUMMINS;MR01;374;V1;2;2;C29;FILTROS/RESPUESTOS;EQUIPOS;?;KG;SIN PEDIDO;;;;;;;;;;
00374 TERMINAL PUNTA COLORADA;1050298;ZSTO;FILTRO COMBUSTIBLE  - SANY SRC900T;;60252396;MR01;374;V1;2;2;C29;FILTROS/RESPUESTOS;EQUIPOS;?;KG;SIN PEDIDO;;;;;;;;;;
00374 TERMINAL PUNTA COLORADA;1050299;ZSTO;FILTRO TRAMPA DE AGUA  - SANY SRC900T;;60242352 // 400-880-9119 CUMMINS;MR01;374;V1;2;2;C29;FILTROS/RESPUESTOS;EQUIPOS;?;KG;SIN PEDIDO;;;;;;;;;;
00374 TERMINAL PUNTA COLORADA;1050300;ZSTO;FILTRO HIDRAULICO DE ALTA PRESION;;151501000058B001 (SANY SRC900T);MR01;374;V1;1;1;C29;FILTROS/RESPUESTOS;?;?;KG;SIN PEDIDO;;;;;;;;;;
00374 TERMINAL PUNTA COLORADA;1050304;ZSTO;FILTRO EXTERIOR CABINA  - SANY SRC900T;;60250669;MR01;374;V1;1;1;C29;FILTROS/RESPUESTOS;?;?;KG;SIN PEDIDO;;;;;;;;;;
00374 TERMINAL PUNTA COLORADA;1050306;ZSTO;FILTRO AIRE FRESCO - SANY SRC900T;;60278857;MR01;374;V1;1;1;C29;FILTROS/RESPUESTOS;?;?;KG;SIN PEDIDO;;;;;;;;;;
00377-YPF 3° loop;1001778;ZSTO;YERBA MATE X 500GRS X UN;;;MR01;377;CL;30;60;C17;INSUMOS A;ALIMENTOS;?;KG;SIN PEDIDO;;;;;;;;;;
00377-YPF 3° loop;1002114;ZSTO;CORREA ALTERNADOR 850MM ORIG;LOMBARDINI;WAN5200002703;MR01;377;V1;2;2;C29;FILTROS/RESPUESTOS;CORREAS;TORRE WACKER;KG;SIN PEDIDO;;;;;;;;;;
00377-YPF 3° loop;1009436;ZSTO;UREA AZUL 32 X BIN 1000LTS;YPF S.A. // RAIZEN ARG // YPF S.A. // AXION ENER;L60866 // 516385 // 810300000371;MR01;377;V1;1;1;L02;FLUIDOS;LUBRICANTES;ADITIVOS;KG;SIN PEDIDO;;;;;;;;;;
00377-YPF 3° loop;1013583;ZSSD;MINIFUSIBLE PLANO 15 AMP. XUN;;;MR01;377;V1;10;20;C29;FILTROS/RESPUESTOS;REPUESTOS;ELECTRICIDAD AUTOMOTOR;KG;SIN PEDIDO;;;;;;;;;;
